date,1. open,2. high,3. low,4. close,5. volume
2020-08-11 09:31:00,41.22,41.22,41.22,41.22,1702.0
2020-08-11 09:32:00,41.525,41.525,41.525,41.525,884.25
2020-08-11 09:33:00,41.677499999999995,41.677499999999995,41.677499999999995,41.677499999999995,475.375
2020-08-11 09:34:00,41.83,41.83,41.83,41.83,66.5
2020-08-11 09:35:00,41.67,41.67,41.67,41.67,118.5
2020-08-11 09:36:00,41.74400000000001,41.81,41.74400000000001,41.81,409.0
2020-08-11 09:37:00,41.81800000000001,41.95,41.81800000000001,41.95,699.5
2020-08-11 09:38:00,41.91,41.91,41.91,41.91,114.0
2020-08-11 09:39:00,41.94,41.94,41.94,41.94,54.5
2020-08-11 09:40:00,42.0,42.0,41.85,41.85,447.5
2020-08-11 09:41:00,41.995000000000005,42.0,41.92,41.925,451.25
2020-08-11 09:42:00,41.99,42.0,41.99,42.0,455.0
2020-08-11 09:43:00,42.1275,42.155,42.1275,42.155,446.5
2020-08-11 09:44:00,42.19625,42.2325,42.19625,42.2325,442.25
2020-08-11 09:45:00,42.265,42.31,42.265,42.31,438.0
2020-08-11 09:46:00,42.335,42.38,42.332499999999996,42.3575,537.25
2020-08-11 09:47:00,42.405,42.45,42.4,42.405,636.5
2020-08-11 09:48:00,42.405,42.43,42.34,42.43,447.0
2020-08-11 09:49:00,42.42,42.47,42.42,42.47,304.5
2020-08-11 09:50:00,42.41,42.41,42.41,42.41,128.5
2020-08-11 09:51:00,42.445,42.445,42.445,42.445,51.5
2020-08-11 09:52:00,42.442499999999995,42.442499999999995,42.442499999999995,42.442499999999995,52.0
2020-08-11 09:53:00,42.44125,42.44125,42.44125,42.44125,52.25
2020-08-11 09:54:00,42.44,42.44,42.44,42.44,52.5
2020-08-11 09:55:00,42.57,42.58,42.57,42.57,255.0
2020-08-11 09:56:00,42.6,42.64,42.53,42.615,842.5
2020-08-11 09:57:00,42.58,42.62,42.55,42.55,562.5
2020-08-11 09:58:00,42.614999999999995,42.635,42.599999999999994,42.599999999999994,306.25
2020-08-11 09:59:00,42.65,42.65,42.65,42.65,50.0
2020-08-11 10:00:00,42.5925,42.635000000000005,42.5925,42.635000000000005,152.0
2020-08-11 10:01:00,42.66,42.725,42.63,42.715,544.5
2020-08-11 10:02:00,42.715,42.715,42.715,42.715,60.5
2020-08-11 10:03:00,42.7219,42.7219,42.7219,42.7219,96.0
2020-08-11 10:04:00,42.95,42.989999999999995,42.95,42.989999999999995,213.0
2020-08-11 10:05:00,43.04,43.04,43.0,43.0,150.0
2020-08-11 10:06:00,42.75,42.78,42.75,42.78,162.5
2020-08-11 10:07:00,42.715,42.715,42.655,42.655,470.0
2020-08-11 10:08:00,42.65,42.73,42.55,42.55,559.5
2020-08-11 10:09:00,42.5975,42.5975,42.5975,42.5975,141.5
2020-08-11 10:10:00,42.595,42.595,42.5,42.5,418.0
2020-08-11 10:11:00,42.495,42.495,42.495,42.495,130.0
2020-08-11 10:12:00,42.442499999999995,42.442499999999995,42.442499999999995,42.442499999999995,92.25
2020-08-11 10:13:00,42.41625,42.41625,42.41625,42.41625,73.375
2020-08-11 10:14:00,42.39,42.39,42.39,42.39,54.5
2020-08-11 10:15:00,42.42,42.5,42.42,42.47,205.75
2020-08-11 10:16:00,42.435,42.555,42.435,42.51,281.375
2020-08-11 10:17:00,42.45,42.61,42.45,42.55,357.0
2020-08-11 10:18:00,42.57,42.58,42.57,42.58,215.0
2020-08-11 10:19:00,42.625,42.66,42.6125,42.66,359.5
2020-08-11 10:20:00,42.67,42.67,42.67,42.67,95.0
2020-08-11 10:21:00,42.62,42.62,42.62,42.62,304.5
2020-08-11 10:22:00,42.45,42.4625,42.45,42.457499999999996,441.0
2020-08-11 10:23:00,42.425,42.425,42.425,42.425,103.5
2020-08-11 10:24:00,42.44,42.44,42.44,42.44,101.0
2020-08-11 10:25:00,42.4475,42.4475,42.4475,42.4475,99.75
2020-08-11 10:26:00,42.455,42.455,42.455,42.455,98.5
2020-08-11 10:27:00,42.445,42.445,42.445,42.445,308.0
2020-08-11 10:28:00,42.5025,42.50749999999999,42.5025,42.50749999999999,611.5
2020-08-11 10:29:00,42.565,42.599999999999994,42.5525,42.5875,277.5
2020-08-11 10:30:00,42.6,42.665,42.6,42.64,574.0
2020-08-11 10:31:00,42.675,42.675,42.675,42.675,150.0
2020-08-11 10:32:00,42.62,42.65,42.62,42.65,524.0
2020-08-11 10:33:00,42.68,42.69,42.68,42.69,150.0
2020-08-11 10:34:00,42.7175,42.7575,42.712500000000006,42.7525,393.75
2020-08-11 10:35:00,42.73625,42.791250000000005,42.728750000000005,42.78375,515.625
2020-08-11 10:36:00,42.755,42.825,42.745000000000005,42.815,637.5
2020-08-11 10:37:00,42.88,42.88,42.79,42.81,788.0
2020-08-11 10:38:00,42.79,42.79,42.79,42.79,50.0
2020-08-11 10:39:00,42.81,42.81,42.78,42.795,107.75
2020-08-11 10:40:00,42.83,42.83,42.77,42.8,165.5
2020-08-11 10:41:00,42.8525,42.8925,42.8525,42.8925,181.0
2020-08-11 10:42:00,42.905,42.96,42.86,42.96,200.0
2020-08-11 10:43:00,42.98,43.03,42.98,43.03,405.0
2020-08-11 10:44:00,42.98,43.025,42.96,42.96,355.5
2020-08-11 10:45:00,42.9825,43.004999999999995,42.9725,42.9725,227.75
2020-08-11 10:46:00,42.98375,42.995,42.97875,42.97875,163.875
2020-08-11 10:47:00,42.985,42.985,42.985,42.985,100.0
2020-08-11 10:48:00,42.97,42.985,42.96,42.96,352.0
2020-08-11 10:49:00,42.97,42.97,42.9,42.94,389.5
2020-08-11 10:50:00,42.885,42.885,42.849999999999994,42.87,271.5
2020-08-11 10:51:00,42.8,42.8,42.8,42.8,153.5
2020-08-11 10:52:00,42.82,42.82,42.82,42.82,50.0
2020-08-11 10:53:00,42.760000000000005,42.775,42.760000000000005,42.775,216.75
2020-08-11 10:54:00,42.7,42.73,42.7,42.73,383.5
2020-08-11 10:55:00,42.79,42.79,42.79,42.79,200.0
2020-08-11 10:56:00,42.75,42.79,42.73,42.79,544.5
2020-08-11 10:57:00,42.85,42.85,42.85,42.85,79.0
2020-08-11 10:58:00,42.9475,42.9475,42.9475,42.9475,117.5
2020-08-11 10:59:00,42.9,42.925,42.9,42.925,182.0
2020-08-11 11:00:00,42.96,42.96,42.96,42.96,140.5
2020-08-11 11:01:00,42.995000000000005,42.995000000000005,42.995000000000005,42.995000000000005,113.5
2020-08-11 11:02:00,42.945,42.99,42.89,42.93,847.0
2020-08-11 11:03:00,42.93,42.96,42.88,42.96,479.5
2020-08-11 11:04:00,42.9,42.9,42.9,42.9,20.0
2020-08-11 11:05:00,42.93,42.97,42.93,42.97,213.0
2020-08-11 11:06:00,43.025,43.025,43.025,43.025,100.0
2020-08-11 11:07:00,43.04,43.08,43.02,43.02,557.0
2020-08-11 11:08:00,43.06,43.06,43.06,43.06,68.5
2020-08-11 11:09:00,43.05,43.05,43.025000000000006,43.045,267.5
2020-08-11 11:10:00,43.04,43.04,42.99,43.03,466.5
2020-08-11 11:11:00,42.98,43.01,42.98,43.01,237.0
2020-08-11 11:12:00,43.07,43.07,43.06,43.065,250.0
2020-08-11 11:13:00,43.01,43.05,43.01,43.05,200.0
2020-08-11 11:14:00,43.01,43.03,43.01,43.03,535.0
2020-08-11 11:15:00,43.02,43.02,43.01,43.01,285.0
2020-08-11 11:16:00,43.0,43.01,42.96,43.01,657.0
2020-08-11 11:17:00,42.99,42.99,42.99,42.99,50.0
2020-08-11 11:18:00,43.11,43.11,43.11,43.11,100.0
2020-08-11 11:19:00,43.1225,43.1225,43.1225,43.1225,285.0
2020-08-11 11:20:00,43.1075,43.125,43.0925,43.0925,538.0
2020-08-11 11:21:00,43.105,43.105,43.06,43.06,158.0
2020-08-11 11:22:00,43.105,43.105,43.105,43.105,50.0
2020-08-11 11:23:00,43.06,43.12,43.06,43.12,405.0
2020-08-11 11:24:00,43.05,43.05,43.015,43.02,862.5
2020-08-11 11:25:00,43.004999999999995,43.004999999999995,42.989999999999995,42.989999999999995,567.5
2020-08-11 11:26:00,42.97,43.0,42.97,43.0,351.5
2020-08-11 11:27:00,42.955,42.96,42.91,42.915000000000006,334.5
2020-08-11 11:28:00,42.97,42.99,42.81,42.84,1098.5
2020-08-11 11:29:00,42.9125,42.942499999999995,42.8325,42.8675,733.75
2020-08-11 11:30:00,42.855000000000004,42.894999999999996,42.855000000000004,42.894999999999996,369.0
2020-08-11 11:31:00,42.9,42.912499999999994,42.9,42.912499999999994,249.0
2020-08-11 11:32:00,42.905,42.917500000000004,42.89,42.9025,237.0
2020-08-11 11:33:00,42.9375,42.9375,42.932500000000005,42.93375,456.5
2020-08-11 11:34:00,42.95,42.985,42.95,42.980000000000004,601.0
2020-08-11 11:35:00,42.97,43.0,42.97,43.0,262.0
2020-08-11 11:36:00,43.05,43.05,43.05,43.05,100.0
2020-08-11 11:37:00,43.05,43.09,43.02,43.02,856.0
2020-08-11 11:38:00,43.035,43.035,42.98,42.98,253.5
2020-08-11 11:39:00,42.95,42.95,42.95,42.95,102.0
2020-08-11 11:40:00,42.95,42.95,42.95,42.95,54.5
2020-08-11 11:41:00,42.92,42.92,42.91,42.91,273.5
2020-08-11 11:42:00,42.895,42.95,42.895,42.92,609.0
2020-08-11 11:43:00,42.93375,42.97375,42.93375,42.95125,573.5
2020-08-11 11:44:00,42.9725,42.9975,42.9725,42.9825,538.0
2020-08-11 11:45:00,42.995,42.995,42.93,42.93,312.5
2020-08-11 11:46:00,42.9725,42.974999999999994,42.94,42.942499999999995,233.75
2020-08-11 11:47:00,42.95,42.955,42.95,42.955,155.0
2020-08-11 11:48:00,42.93,42.9325,42.93,42.9325,127.5
2020-08-11 11:49:00,42.92,42.92125,42.92,42.92125,113.75
2020-08-11 11:50:00,42.91,42.91,42.91,42.91,100.0
2020-08-11 11:51:00,42.932500000000005,42.932500000000005,42.9075,42.9225,815.5
2020-08-11 11:52:00,42.93,42.945,42.93,42.945,111.0
2020-08-11 11:53:00,42.91,42.91,42.9,42.9,150.5
2020-08-11 11:54:00,42.92,42.92,42.9,42.9,257.25
2020-08-11 11:55:00,42.925,42.925,42.9,42.9,310.625
2020-08-11 11:56:00,42.93,42.93,42.9,42.9,364.0
2020-08-11 11:57:00,42.94,42.94,42.915,42.915,286.25
2020-08-11 11:58:00,42.945,42.945,42.9225,42.9225,247.375
2020-08-11 11:59:00,42.95,42.95,42.93,42.93,208.5
2020-08-11 12:00:00,42.98,42.98,42.98,42.98,66.5
2020-08-11 12:01:00,43.0,43.0,42.95,42.95,304.5
2020-08-11 12:02:00,42.93,42.93,42.92,42.92,192.5
2020-08-11 12:03:00,42.8925,42.8925,42.8775,42.8775,312.5
2020-08-11 12:04:00,42.88,42.88,42.85,42.85,518.5
2020-08-11 12:05:00,42.93,42.93,42.93,42.93,50.0
2020-08-11 12:06:00,42.9,42.9,42.9,42.9,100.0
2020-08-11 12:07:00,42.9375,42.9375,42.9375,42.9375,156.0
2020-08-11 12:08:00,42.95,42.975,42.95,42.975,121.5
2020-08-11 12:09:00,42.96,42.96,42.92,42.92,198.0
2020-08-11 12:10:00,42.92,42.92,42.895,42.895,421.5
2020-08-11 12:11:00,42.905,42.905,42.8925,42.8925,261.25
2020-08-11 12:12:00,42.89,42.89,42.89,42.89,101.0
2020-08-11 12:13:00,42.89125,42.8925,42.89125,42.8925,184.5
2020-08-11 12:14:00,42.891875,42.89375,42.891875,42.89375,226.25
2020-08-11 12:15:00,42.8925,42.894999999999996,42.8925,42.894999999999996,268.0
2020-08-11 12:16:00,42.88,42.88,42.88,42.88,201.0
2020-08-11 12:17:00,42.87,42.87,42.87,42.87,150.0
2020-08-11 12:18:00,42.8475,42.8475,42.82,42.82,746.0
2020-08-11 12:19:00,42.81,42.81,42.81,42.81,74.5
2020-08-11 12:20:00,42.855000000000004,42.855000000000004,42.85,42.85,181.5
2020-08-11 12:21:00,42.85,42.85,42.84,42.845,474.5
2020-08-11 12:22:00,42.84,42.84,42.81,42.84,637.0
2020-08-11 12:23:00,42.815,42.815,42.78,42.795,465.0
2020-08-11 12:24:00,42.802499999999995,42.802499999999995,42.765,42.7725,379.0
2020-08-11 12:25:00,42.79,42.79,42.75,42.75,293.0
2020-08-11 12:26:00,42.769999999999996,42.769999999999996,42.75,42.75,197.25
2020-08-11 12:27:00,42.76,42.76,42.75,42.75,149.375
2020-08-11 12:28:00,42.754999999999995,42.754999999999995,42.75,42.75,125.4375
2020-08-11 12:29:00,42.7525,42.7525,42.75,42.75,113.46875
2020-08-11 12:30:00,42.75125,42.75125,42.75,42.75,107.484375
2020-08-11 12:31:00,42.75,42.75,42.75,42.75,101.5
2020-08-11 12:32:00,42.75,42.76,42.74,42.74,711.0
2020-08-11 12:33:00,42.74,42.74,42.71,42.73,259.0
2020-08-11 12:34:00,42.74,42.76,42.725,42.755,750.0
2020-08-11 12:35:00,42.75,42.75,42.75,42.75,275.0
2020-08-11 12:36:00,42.76625,42.76625,42.75875,42.76625,516.0
2020-08-11 12:37:00,42.7825,42.7825,42.7675,42.7825,757.0
2020-08-11 12:38:00,42.775,42.805,42.775,42.805,426.0
2020-08-11 12:39:00,42.7775,42.79875,42.775,42.79,414.5
2020-08-11 12:40:00,42.78,42.7925,42.775,42.775,403.0
2020-08-11 12:41:00,42.775,42.775,42.775,42.775,77.5
2020-08-11 12:42:00,42.82,42.82,42.82,42.82,88.75
2020-08-11 12:43:00,42.8425,42.8425,42.8425,42.8425,94.375
2020-08-11 12:44:00,42.865,42.865,42.865,42.865,100.0
2020-08-11 12:45:00,42.865,42.865,42.865,42.865,52.0
2020-08-11 12:46:00,42.8625,42.8625,42.8625,42.8625,29.0
2020-08-11 12:47:00,42.86,42.86,42.86,42.86,6.0
2020-08-11 12:48:00,42.83,42.83,42.82,42.82,186.5
2020-08-11 12:49:00,42.83,42.85,42.82,42.82,364.0
2020-08-11 12:50:00,42.832499999999996,42.8425,42.81,42.81,264.5
2020-08-11 12:51:00,42.833749999999995,42.838750000000005,42.805,42.805,214.75
2020-08-11 12:52:00,42.835,42.835,42.8,42.8,165.0
2020-08-11 12:53:00,42.79,42.79,42.79,42.79,52.0
2020-08-11 12:54:00,42.785,42.79,42.785,42.79,125.0
2020-08-11 12:55:00,42.7825,42.79,42.7825,42.79,161.5
2020-08-11 12:56:00,42.78125,42.79,42.78125,42.79,179.75
2020-08-11 12:57:00,42.78,42.79,42.78,42.79,198.0
2020-08-11 12:58:00,42.77,42.78,42.75,42.77,801.5
2020-08-11 12:59:00,42.8275,42.845,42.8125,42.84,550.5
2020-08-11 13:00:00,42.795,42.87,42.795,42.86,428.5
2020-08-11 13:01:00,42.8025,42.845,42.7725,42.81,480.5
2020-08-11 13:02:00,42.81,42.82,42.75,42.76,532.5
2020-08-11 13:03:00,42.78625,42.791250000000005,42.74875,42.75375,505.0
2020-08-11 13:04:00,42.7625,42.7625,42.7475,42.7475,477.5
2020-08-11 13:05:00,42.725,42.765,42.725,42.755,331.0
2020-08-11 13:06:00,42.7475,42.7675,42.7475,42.7625,192.5
2020-08-11 13:07:00,42.77,42.77,42.77,42.77,54.0
2020-08-11 13:08:00,42.8,42.8,42.8,42.8,55.0
2020-08-11 13:09:00,42.82,42.82,42.82,42.82,54.5
2020-08-11 13:10:00,42.825,42.825,42.825,42.825,60.0
2020-08-11 13:11:00,42.83,42.84,42.82,42.84,453.0
2020-08-11 13:12:00,42.86,42.86,42.86,42.86,231.0
2020-08-11 13:13:00,42.89,42.89,42.89,42.89,64.0
2020-08-11 13:14:00,42.93,42.93,42.91,42.91,263.0
2020-08-11 13:15:00,42.92,42.95,42.92,42.95,313.5
2020-08-11 13:16:00,42.942499999999995,42.942499999999995,42.93625,42.93625,401.5
2020-08-11 13:17:00,42.93,42.96,42.93,42.96,254.5
2020-08-11 13:18:00,42.980000000000004,42.995000000000005,42.980000000000004,42.995000000000005,234.5
2020-08-11 13:19:00,43.005,43.0125,43.005,43.0125,224.5
2020-08-11 13:20:00,43.0175,43.02125,43.0175,43.02125,219.5
2020-08-11 13:21:00,43.03,43.03,43.03,43.03,214.5
2020-08-11 13:22:00,43.09,43.09,43.09,43.09,54.5
2020-08-11 13:23:00,43.085,43.085,43.085,43.085,100.0
2020-08-11 13:24:00,43.09,43.12,43.06,43.09,491.0
2020-08-11 13:25:00,43.09,43.09,43.09,43.09,152.5
2020-08-11 13:26:00,43.17,43.17,43.17,43.17,100.0
2020-08-11 13:27:00,43.13,43.19,43.11,43.18,431.5
2020-08-11 13:28:00,43.144999999999996,43.144999999999996,43.144999999999996,43.144999999999996,151.5
2020-08-11 13:29:00,43.14,43.14,43.13,43.13,307.0
2020-08-11 13:30:00,43.1475,43.1525,43.1325,43.1325,812.0
2020-08-11 13:31:00,43.1425,43.1425,43.1425,43.1425,106.5
2020-08-11 13:32:00,43.145,43.145,43.12,43.14,217.5
2020-08-11 13:33:00,43.144999999999996,43.144999999999996,43.13249999999999,43.1425,161.0
2020-08-11 13:34:00,43.144999999999996,43.144999999999996,43.144999999999996,43.144999999999996,104.5
2020-08-11 13:35:00,43.13,43.13,43.11,43.11,423.5
2020-08-11 13:36:00,43.07,43.07,43.07,43.07,144.5
2020-08-11 13:37:00,43.05,43.09,43.05,43.09,593.5
2020-08-11 13:38:00,43.11,43.12,43.11,43.11,206.5
2020-08-11 13:39:00,43.12,43.12,43.12,43.12,61.0
2020-08-11 13:40:00,43.1225,43.1225,43.1225,43.1225,82.5
2020-08-11 13:41:00,43.12375,43.12375,43.12375,43.12375,93.25
2020-08-11 13:42:00,43.125,43.125,43.125,43.125,104.0
2020-08-11 13:43:00,43.11,43.13,43.11,43.13,211.5
2020-08-11 13:44:00,43.14,43.14,43.12,43.12,323.0
2020-08-11 13:45:00,43.15,43.15,43.15,43.15,75.0
2020-08-11 13:46:00,43.12,43.12,43.1,43.1,426.0
2020-08-11 13:47:00,43.11,43.11,43.1,43.1,259.25
2020-08-11 13:48:00,43.105000000000004,43.105000000000004,43.1,43.1,175.875
2020-08-11 13:49:00,43.1,43.1,43.1,43.1,92.5
2020-08-11 13:50:00,43.0925,43.0925,43.0925,43.0925,96.25
2020-08-11 13:51:00,43.088750000000005,43.088750000000005,43.088750000000005,43.088750000000005,98.125
2020-08-11 13:52:00,43.086875000000006,43.086875000000006,43.086875000000006,43.086875000000006,99.0625
2020-08-11 13:53:00,43.085,43.085,43.085,43.085,100.0
2020-08-11 13:54:00,43.085,43.085,43.085,43.085,50.5
2020-08-11 13:55:00,43.1025,43.1025,43.1025,43.1025,26.25
2020-08-11 13:56:00,43.12,43.12,43.12,43.12,2.0
2020-08-11 13:57:00,43.13,43.14,43.13,43.14,229.0
2020-08-11 13:58:00,43.15,43.15,43.15,43.15,100.0
2020-08-11 13:59:00,43.16,43.16,43.13,43.15,566.5
2020-08-11 14:00:00,43.16,43.16,43.144999999999996,43.155,361.25
2020-08-11 14:01:00,43.16,43.16,43.16,43.16,156.0
2020-08-11 14:02:00,43.17,43.18,43.17,43.18,231.5
2020-08-11 14:03:00,43.14,43.14,43.14,43.14,108.0
2020-08-11 14:04:00,43.15,43.15,43.15,43.15,56.0
2020-08-11 14:05:00,43.14,43.14,43.14,43.14,78.0
2020-08-11 14:06:00,43.13,43.13,43.13,43.13,100.0
2020-08-11 14:07:00,43.13,43.13,43.13,43.13,51.5
2020-08-11 14:08:00,43.13,43.13,43.13,43.13,122.75
2020-08-11 14:09:00,43.13,43.13,43.13,43.13,194.0
2020-08-11 14:10:00,43.14,43.14,43.14,43.14,51.5
2020-08-11 14:11:00,43.14,43.144999999999996,43.14,43.144999999999996,107.0
2020-08-11 14:12:00,43.14,43.15,43.14,43.15,162.5
2020-08-11 14:13:00,43.16,43.16,43.16,43.16,100.0
2020-08-11 14:14:00,43.16,43.16,43.16,43.16,123.0
2020-08-11 14:15:00,43.144999999999996,43.144999999999996,43.144999999999996,43.144999999999996,140.0
2020-08-11 14:16:00,43.13,43.13,43.13,43.13,157.0
2020-08-11 14:17:00,43.08,43.11,43.08,43.08,177.0
2020-08-11 14:18:00,43.11,43.11,43.11,43.11,173.0
2020-08-11 14:19:00,43.114999999999995,43.125,43.095,43.099999999999994,533.5
2020-08-11 14:20:00,43.11,43.11,43.03,43.03,343.5
2020-08-11 14:21:00,43.07,43.07,43.07,43.07,51.0
2020-08-11 14:22:00,43.1,43.1,43.1,43.1,114.5
2020-08-11 14:23:00,43.12,43.12,43.12,43.12,325.0
2020-08-11 14:24:00,43.07,43.07,43.07,43.07,65.0
2020-08-11 14:25:00,43.05,43.05,43.05,43.05,202.5
2020-08-11 14:26:00,43.02,43.02,42.99,42.99,100.0
2020-08-11 14:27:00,43.01,43.01,42.97,42.97,246.5
2020-08-11 14:28:00,42.974999999999994,42.974999999999994,42.955,42.955,150.75
2020-08-11 14:29:00,42.94,42.94,42.94,42.94,55.0
2020-08-11 14:30:00,42.93,42.94,42.93,42.93,608.0
2020-08-11 14:31:00,42.84,42.84,42.84,42.84,100.0
2020-08-11 14:32:00,42.89,42.905,42.84,42.84,425.5
2020-08-11 14:33:00,42.865,42.8725,42.8175,42.8175,486.5
2020-08-11 14:34:00,42.852500000000006,42.85625,42.806250000000006,42.806250000000006,517.0
2020-08-11 14:35:00,42.846250000000005,42.848125,42.800625000000004,42.800625000000004,532.25
2020-08-11 14:36:00,42.84,42.84,42.795,42.795,547.5
2020-08-11 14:37:00,42.8,42.8,42.785,42.785,680.0
2020-08-11 14:38:00,42.79,42.81,42.79,42.81,528.0
2020-08-11 14:39:00,42.815,42.83625,42.815,42.83625,475.25
2020-08-11 14:40:00,42.84,42.8625,42.84,42.8625,422.5
2020-08-11 14:41:00,42.83,42.8425,42.815,42.815,771.0
2020-08-11 14:42:00,42.82,42.82,42.78,42.78,777.5
2020-08-11 14:43:00,42.7925,42.81,42.77,42.81,880.5
2020-08-11 14:44:00,42.865,42.865,42.865,42.865,100.0
2020-08-11 14:45:00,42.86,42.9025,42.8275,42.845,2403.0
2020-08-11 14:46:00,42.85,42.855,42.79,42.8,1785.5
2020-08-11 14:47:00,42.78,42.78,42.78,42.78,50.0
2020-08-11 14:48:00,42.786249999999995,42.786249999999995,42.786249999999995,42.786249999999995,154.75
2020-08-11 14:49:00,42.7925,42.7925,42.7925,42.7925,259.5
2020-08-11 14:50:00,42.802499999999995,42.817499999999995,42.802499999999995,42.815,467.0
2020-08-11 14:51:00,42.81,42.85,42.7975,42.845,854.5
2020-08-11 14:52:00,42.845,42.845,42.845,42.845,50.0
2020-08-11 14:53:00,42.86,42.86,42.86,42.86,70.5
2020-08-11 14:54:00,42.86,42.92,42.86,42.92,177.5
2020-08-11 14:55:00,42.965,42.965,42.965,42.965,100.0
2020-08-11 14:56:00,42.9525,42.9525,42.935,42.935,152.0
2020-08-11 14:57:00,42.965,42.965,42.87,42.87,667.5
2020-08-11 14:58:00,42.947500000000005,42.947500000000005,42.885,42.885,387.0
2020-08-11 14:59:00,42.93,42.93,42.9,42.9,106.5
2020-08-11 15:00:00,42.915,42.925,42.915,42.925,379.5
2020-08-11 15:01:00,42.905,42.905,42.900000000000006,42.900000000000006,503.0
2020-08-11 15:02:00,42.870000000000005,42.870000000000005,42.86,42.86,219.5
2020-08-11 15:03:00,42.86,42.86,42.84,42.84,366.5
2020-08-11 15:04:00,42.81,42.81,42.77,42.77,371.0
2020-08-11 15:05:00,42.79,42.79,42.79,42.79,141.0
2020-08-11 15:06:00,42.8,42.8,42.787499999999994,42.787499999999994,525.0
2020-08-11 15:07:00,42.807500000000005,42.82,42.807500000000005,42.82,313.5
2020-08-11 15:08:00,42.83,42.84,42.83,42.84,496.0
2020-08-11 15:09:00,42.84,42.84,42.81,42.82,331.0
2020-08-11 15:10:00,42.795,42.835,42.795,42.835,767.0
2020-08-11 15:11:00,42.8275,42.8675,42.822500000000005,42.8425,752.0
2020-08-11 15:12:00,42.86,42.9,42.85,42.85,737.0
2020-08-11 15:13:00,42.84,42.84,42.84,42.84,236.0
2020-08-11 15:14:00,42.81,42.81,42.739999999999995,42.739999999999995,205.0
2020-08-11 15:15:00,42.739999999999995,42.75,42.675,42.68,5166.0
2020-08-11 15:16:00,42.68,42.69,42.615,42.620000000000005,1510.5
2020-08-11 15:17:00,42.68,42.68,42.58,42.58,531.5
2020-08-11 15:18:00,42.54,42.54,42.47,42.47,832.0
2020-08-11 15:19:00,42.375,42.375,42.325,42.325,486.5
2020-08-11 15:20:00,42.3,42.3,42.28,42.28,1246.0
2020-08-11 15:21:00,42.29,42.31,42.27,42.31,378.0
2020-08-11 15:22:00,42.3425,42.375,42.3425,42.375,744.5
2020-08-11 15:23:00,42.35,42.38,42.345,42.345,6391.5
2020-08-11 15:24:00,42.370000000000005,42.3825,42.3625,42.3775,1332.5
2020-08-11 15:25:00,42.38,42.38,42.3,42.3,637.5
2020-08-11 15:26:00,42.3275,42.33125,42.317499999999995,42.32,1003.0
2020-08-11 15:27:00,42.34,42.39,42.32,42.355,6671.0
2020-08-11 15:28:00,42.385000000000005,42.385000000000005,42.370000000000005,42.370000000000005,150.0
2020-08-11 15:29:00,42.375,42.39,42.375,42.39,982.0
2020-08-11 15:30:00,42.39,42.47,42.39,42.47,900.0
2020-08-11 15:31:00,42.46,42.52,42.46,42.52,969.5
2020-08-11 15:32:00,42.485,42.489999999999995,42.415,42.415,739.5
2020-08-11 15:33:00,42.3575,42.3625,42.275,42.28,6910.5
2020-08-11 15:34:00,42.33,42.34,42.21100000000001,42.245,2195.0
2020-08-11 15:35:00,42.25,42.35,42.25,42.35,1781.0
2020-08-11 15:36:00,42.385,42.45,42.385,42.45,1209.5
2020-08-11 15:37:00,42.44,42.45,42.435,42.44,846.0
2020-08-11 15:38:00,42.45,42.46,42.43,42.44,1395.0
2020-08-11 15:39:00,42.38,42.4,42.38,42.4,591.0
2020-08-11 15:40:00,42.415,42.46,42.400000000000006,42.455,1309.5
2020-08-11 15:41:00,42.4675,42.4725,42.435,42.435,809.5
2020-08-11 15:42:00,42.4375,42.445,42.3925,42.405,969.5
2020-08-11 15:43:00,42.415,42.415,42.385,42.3875,1195.0
2020-08-11 15:44:00,42.35,42.4,42.35,42.4,487.5
2020-08-11 15:45:00,42.41,42.43,42.41,42.43,328.0
2020-08-11 15:46:00,42.41,42.41,42.35,42.35,683.5
2020-08-11 15:47:00,42.295,42.295,42.275000000000006,42.275000000000006,408.5
2020-08-11 15:48:00,42.269999999999996,42.295,42.2375,42.265,7029.0
2020-08-11 15:49:00,42.25,42.3,42.245,42.3,1237.0
2020-08-11 15:50:00,42.269999999999996,42.285,42.205,42.22,286.5
2020-08-11 15:51:00,42.21,42.225,42.0725,42.0975,8682.0
2020-08-11 15:52:00,42.115,42.125,42.042500000000004,42.0625,12252.5
2020-08-11 15:53:00,42.057500000000005,42.057500000000005,42.01625,42.0225,9444.5
2020-08-11 15:54:00,42.04,42.084999999999994,42.025000000000006,42.075,1166.0
2020-08-11 15:55:00,42.082499999999996,42.14,42.082499999999996,42.114999999999995,3514.0
2020-08-11 15:56:00,42.14,42.195,42.115,42.135000000000005,2467.0
2020-08-11 15:57:00,42.1525,42.175,42.09,42.129999999999995,2537.5
2020-08-11 15:58:00,42.13249999999999,42.16,42.125,42.144999999999996,2502.5
2020-08-11 15:59:00,42.225,42.24,42.205,42.235,3090.5
2020-09-08 09:31:00,37.16,37.16,37.02,37.02,2282.0
2020-09-08 09:32:00,37.08,37.08,36.92,36.97,1339.0
2020-09-08 09:33:00,37.0,37.0,36.82,36.92,396.0
2020-09-08 09:34:00,36.87,36.9,36.87,36.9,284.5
2020-09-08 09:35:00,36.63,36.66,36.63,36.65,277.5
2020-09-08 09:36:00,36.73,36.769999999999996,36.73,36.765,795.0
2020-09-08 09:37:00,36.75,36.8,36.67,36.8,494.5
2020-09-08 09:38:00,36.77,36.77,36.74,36.74,100.0
2020-09-08 09:39:00,36.6,36.6,36.6,36.6,200.0
2020-09-08 09:40:00,36.65,36.65,36.65,36.65,51.0
2020-09-08 09:41:00,36.595,36.595,36.595,36.595,3.0
2020-09-08 09:42:00,36.65,36.65,36.6,36.6,315.0
2020-09-08 09:43:00,36.6725,36.6725,36.6475,36.6475,185.0
2020-09-08 09:44:00,36.695,36.695,36.695,36.695,55.0
2020-09-08 09:45:00,36.56,36.58,36.56,36.58,285.0
2020-09-08 09:46:00,36.51,36.66,36.51,36.66,696.0
2020-09-08 09:47:00,36.71,36.76,36.71,36.76,220.0
2020-09-08 09:48:00,36.695,36.72,36.695,36.72,167.5
2020-09-08 09:49:00,36.68,36.68,36.68,36.68,115.0
2020-09-08 09:50:00,36.625,36.625,36.625,36.625,117.25
2020-09-08 09:51:00,36.57,36.57,36.57,36.57,119.5
2020-09-08 09:52:00,36.644999999999996,36.67,36.644999999999996,36.67,141.75
2020-09-08 09:53:00,36.72,36.77,36.72,36.77,164.0
2020-09-08 09:54:00,36.69,36.69,36.69,36.69,73.5
2020-09-08 09:55:00,36.63,36.64,36.585,36.585,251.5
2020-09-08 09:56:00,36.650000000000006,36.655,36.5975,36.5975,226.25
2020-09-08 09:57:00,36.67,36.67,36.61,36.61,201.0
2020-09-08 09:58:00,36.775000000000006,36.775000000000006,36.745000000000005,36.745000000000005,178.25
2020-09-08 09:59:00,36.88,36.88,36.88,36.88,155.5
2020-09-08 10:00:00,36.89,36.89,36.89,36.89,114.5
2020-09-08 10:01:00,36.745000000000005,36.745000000000005,36.745000000000005,36.745000000000005,157.0
2020-09-08 10:02:00,36.75,36.75,36.71,36.71,202.0
2020-09-08 10:03:00,36.6,36.6,36.6,36.6,151.0
2020-09-08 10:04:00,36.555,36.555,36.555,36.555,51.0
2020-09-08 10:05:00,36.4875,36.4875,36.4875,36.4875,64.75
2020-09-08 10:06:00,36.45375,36.45375,36.45375,36.45375,71.625
2020-09-08 10:07:00,36.42,36.42,36.42,36.42,78.5
2020-09-08 10:08:00,36.41,36.49,36.41,36.49,138.5
2020-09-08 10:09:00,36.41,36.49,36.41,36.49,363.0
2020-09-08 10:10:00,36.4475,36.4875,36.4475,36.4875,251.0
2020-09-08 10:11:00,36.485,36.485,36.485,36.485,139.0
2020-09-08 10:12:00,36.52,36.52,36.52,36.52,10.0
2020-09-08 10:13:00,36.46,36.52,36.46,36.48,228.0
2020-09-08 10:14:00,36.515,36.545,36.515,36.525,193.5
2020-09-08 10:15:00,36.57,36.57,36.57,36.57,159.0
2020-09-08 10:16:00,36.53,36.53,36.48,36.48,214.0
2020-09-08 10:17:00,36.47,36.47,36.47,36.47,149.5
2020-09-08 10:18:00,36.48,36.53,36.48,36.53,186.5
2020-09-08 10:19:00,36.5,36.5,36.5,36.5,65.5
2020-09-08 10:20:00,36.42,36.42,36.4,36.4,101.5
2020-09-08 10:21:00,36.36,36.365,36.349999999999994,36.355000000000004,141.5
2020-09-08 10:22:00,36.3,36.31,36.3,36.31,181.5
2020-09-08 10:23:00,36.3,36.35,36.3,36.35,180.0
2020-09-08 10:24:00,36.37,36.394999999999996,36.37,36.394999999999996,166.25
2020-09-08 10:25:00,36.405,36.4175,36.405,36.4175,159.375
2020-09-08 10:26:00,36.44,36.44,36.44,36.44,152.5
2020-09-08 10:27:00,36.46,36.47875,36.46,36.47875,179.75
2020-09-08 10:28:00,36.480000000000004,36.5175,36.480000000000004,36.5175,207.0
2020-09-08 10:29:00,36.555,36.555,36.555,36.555,53.0
2020-09-08 10:30:00,36.489999999999995,36.489999999999995,36.475,36.475,544.5
2020-09-08 10:31:00,36.5,36.5,36.48,36.48,156.5
2020-09-08 10:32:00,36.5,36.542500000000004,36.489999999999995,36.5325,178.25
2020-09-08 10:33:00,36.5,36.585,36.5,36.585,200.0
2020-09-08 10:34:00,36.49,36.585,36.47,36.585,568.5
2020-09-08 10:35:00,36.63,36.63,36.62,36.62,123.0
2020-09-08 10:36:00,36.71,36.71,36.71,36.71,109.5
2020-09-08 10:37:00,36.7,36.7,36.66,36.66,299.5
2020-09-08 10:38:00,36.76,36.76,36.76,36.76,61.5
2020-09-08 10:39:00,36.77,36.77,36.77,36.77,53.0
2020-09-08 10:40:00,36.760000000000005,36.760000000000005,36.74,36.74,88.25
2020-09-08 10:41:00,36.75,36.75,36.71,36.71,123.5
2020-09-08 10:42:00,36.64,36.64,36.62,36.62,135.5
2020-09-08 10:43:00,36.59,36.62,36.58,36.6,201.0
2020-09-08 10:44:00,36.62,36.62,36.62,36.62,168.0
2020-09-08 10:45:00,36.59,36.59,36.59,36.59,53.0
2020-09-08 10:46:00,36.54,36.54,36.51,36.51,188.5
2020-09-08 10:47:00,36.51375,36.51875,36.49625,36.49875,278.75
2020-09-08 10:48:00,36.4875,36.4975,36.4825,36.4875,369.0
2020-09-08 10:49:00,36.445,36.49,36.445,36.49,329.5
2020-09-08 10:50:00,36.435,36.435,36.31,36.31,383.5
2020-09-08 10:51:00,36.33,36.33,36.33,36.33,108.0
2020-09-08 10:52:00,36.3,36.3348,36.26,36.26,473.5
2020-09-08 10:53:00,36.3,36.32,36.3,36.3,314.0
2020-09-08 10:54:00,36.28,36.35,36.28,36.35,534.5
2020-09-08 10:55:00,36.33,36.34,36.32,36.32,334.0
2020-09-08 10:56:00,36.355000000000004,36.405,36.35,36.379999999999995,285.25
2020-09-08 10:57:00,36.38,36.47,36.38,36.44,236.5
2020-09-08 10:58:00,36.385000000000005,36.43,36.365,36.394999999999996,279.75
2020-09-08 10:59:00,36.39,36.39,36.35,36.35,323.0
2020-09-08 11:00:00,36.32,36.35,36.295,36.295,414.5
2020-09-08 11:01:00,36.2,36.21,36.2,36.21,254.0
2020-09-08 11:02:00,36.30375,36.30875,36.30375,36.30875,177.5
2020-09-08 11:03:00,36.4075,36.4075,36.4075,36.4075,101.0
2020-09-08 11:04:00,36.42,36.445,36.42,36.445,150.5
2020-09-08 11:05:00,36.46,36.54,36.46,36.54,143.0
2020-09-08 11:06:00,36.48,36.48,36.48,36.48,117.5
2020-09-08 11:07:00,36.43,36.43,36.38,36.38,104.0
2020-09-08 11:08:00,36.435,36.435,36.36,36.36,103.75
2020-09-08 11:09:00,36.44,36.44,36.34,36.34,103.5
2020-09-08 11:10:00,36.4725,36.4725,36.4725,36.4725,163.0
2020-09-08 11:11:00,36.52,36.52,36.48,36.48,338.0
2020-09-08 11:12:00,36.43,36.43,36.43,36.43,161.5
2020-09-08 11:13:00,36.38,36.38,36.38,36.38,51.0
2020-09-08 11:14:00,36.415000000000006,36.415000000000006,36.415000000000006,36.415000000000006,104.25
2020-09-08 11:15:00,36.45,36.45,36.45,36.45,157.5
2020-09-08 11:16:00,36.43,36.43,36.43,36.43,67.0
2020-09-08 11:17:00,36.47,36.52,36.45,36.52,223.0
2020-09-08 11:18:00,36.44,36.495,36.44,36.495,101.0
2020-09-08 11:19:00,36.464999999999996,36.50749999999999,36.464999999999996,36.50749999999999,160.25
2020-09-08 11:20:00,36.489999999999995,36.519999999999996,36.489999999999995,36.519999999999996,219.5
2020-09-08 11:21:00,36.485,36.51,36.47,36.49,622.5
2020-09-08 11:22:00,36.4475,36.459999999999994,36.44,36.45,361.25
2020-09-08 11:23:00,36.428749999999994,36.434999999999995,36.425,36.43,230.625
2020-09-08 11:24:00,36.41,36.41,36.41,36.41,100.0
2020-09-08 11:25:00,36.35,36.38,36.35,36.37,258.5
2020-09-08 11:26:00,36.39,36.39,36.39,36.39,239.0
2020-09-08 11:27:00,36.41,36.41,36.39,36.39,290.5
2020-09-08 11:28:00,36.405,36.405,36.394999999999996,36.394999999999996,170.5
2020-09-08 11:29:00,36.4025,36.4025,36.397499999999994,36.397499999999994,110.5
2020-09-08 11:30:00,36.4,36.4,36.4,36.4,50.5
2020-09-08 11:31:00,36.35,36.36,36.29,36.29,630.0
2020-09-08 11:32:00,36.31,36.31,36.31,36.31,78.5
2020-09-08 11:33:00,36.34,36.37,36.34,36.37,135.5
2020-09-08 11:34:00,36.4,36.4,36.4,36.4,100.0
2020-09-08 11:35:00,36.4,36.4,36.4,36.4,82.5
2020-09-08 11:36:00,36.425,36.44,36.42,36.42,271.0
2020-09-08 11:37:00,36.4025,36.41,36.400000000000006,36.400000000000006,160.5
2020-09-08 11:38:00,36.38,36.38,36.38,36.38,50.0
2020-09-08 11:39:00,36.4,36.4,36.4,36.4,203.5
2020-09-08 11:40:00,36.36,36.38,36.36,36.38,166.0
2020-09-08 11:41:00,36.37,36.37,36.337,36.337,142.66666666666666
2020-09-08 11:42:00,36.42,36.44,36.42,36.44,411.5
2020-09-08 11:43:00,36.4,36.44,36.38,36.4,414.0
2020-09-08 11:44:00,36.394999999999996,36.415,36.385000000000005,36.394999999999996,290.75
2020-09-08 11:45:00,36.3925,36.4025,36.3875,36.3925,229.125
2020-09-08 11:46:00,36.39,36.39,36.39,36.39,167.5
2020-09-08 11:47:00,36.370000000000005,36.370000000000005,36.370000000000005,36.370000000000005,205.0
2020-09-08 11:48:00,36.35,36.35,36.35,36.35,242.5
2020-09-08 11:49:00,36.36,36.38,36.36,36.38,284.0
2020-09-08 11:50:00,36.345,36.345,36.345,36.345,50.5
2020-09-08 11:51:00,36.39,36.4,36.39,36.4,196.5
2020-09-08 11:52:00,36.32,36.32,36.32,36.32,71.0
2020-09-08 11:53:00,36.26,36.26,36.26,36.26,55.5
2020-09-08 11:54:00,36.245,36.269999999999996,36.245,36.269999999999996,199.75
2020-09-08 11:55:00,36.2375,36.275,36.2375,36.275,271.875
2020-09-08 11:56:00,36.23,36.28,36.23,36.28,344.0
2020-09-08 11:57:00,36.29,36.34,36.29,36.34,125.5
2020-09-08 11:58:00,36.29,36.315,36.29,36.315,96.75
2020-09-08 11:59:00,36.29,36.29,36.29,36.29,68.0
2020-09-08 12:00:00,36.28,36.28,36.28,36.28,67.5
2020-09-08 12:01:00,36.3,36.3,36.3,36.3,89.0
2020-09-08 12:02:00,36.32,36.32,36.32,36.32,110.5
2020-09-08 12:03:00,36.2975,36.305,36.2975,36.305,204.5
2020-09-08 12:04:00,36.286249999999995,36.2975,36.286249999999995,36.2975,251.5
2020-09-08 12:05:00,36.275,36.29,36.275,36.29,298.5
2020-09-08 12:06:00,36.25,36.27,36.23,36.26,389.5
2020-09-08 12:07:00,36.26,36.26,36.25,36.25,323.5
2020-09-08 12:08:00,36.31,36.31,36.3,36.31,205.5
2020-09-08 12:09:00,36.332499999999996,36.332499999999996,36.3275,36.332499999999996,152.75
2020-09-08 12:10:00,36.355,36.355,36.355,36.355,100.0
2020-09-08 12:11:00,36.34,36.355,36.34,36.355,151.0
2020-09-08 12:12:00,36.375,36.38249999999999,36.375,36.38249999999999,127.0
2020-09-08 12:13:00,36.41,36.41,36.41,36.41,103.0
2020-09-08 12:14:00,36.41,36.41,36.41,36.41,85.0
2020-09-08 12:15:00,36.41,36.41,36.41,36.41,67.0
2020-09-08 12:16:00,36.44,36.49,36.44,36.49,597.5
2020-09-08 12:17:00,36.5,36.5,36.5,36.5,210.0
2020-09-08 12:18:00,36.55,36.55,36.53,36.53,101.0
2020-09-08 12:19:00,36.53,36.53,36.53,36.53,50.5
2020-09-08 12:20:00,36.55,36.585,36.55,36.585,100.5
2020-09-08 12:21:00,36.57,36.64,36.57,36.64,150.5
2020-09-08 12:22:00,36.6075,36.675,36.6075,36.6725,225.5
2020-09-08 12:23:00,36.645,36.71,36.645,36.705,300.5
2020-09-08 12:24:00,36.6925,36.725,36.6925,36.7225,219.0
2020-09-08 12:25:00,36.71625,36.7325,36.71625,36.73125,178.25
2020-09-08 12:26:00,36.74,36.74,36.74,36.74,137.5
2020-09-08 12:27:00,36.730000000000004,36.745000000000005,36.730000000000004,36.74,272.0
2020-09-08 12:28:00,36.725,36.7475,36.725,36.74,339.25
2020-09-08 12:29:00,36.72,36.75,36.72,36.74,406.5
2020-09-08 12:30:00,36.735,36.769999999999996,36.735,36.745000000000005,339.75
2020-09-08 12:31:00,36.75,36.79,36.75,36.75,273.0
2020-09-08 12:32:00,36.78,36.78,36.78,36.78,65.5
2020-09-08 12:33:00,36.81,36.81,36.81,36.81,58.0
2020-09-08 12:34:00,36.8,36.8,36.79,36.79,196.0
2020-09-08 12:35:00,36.785,36.785,36.78,36.78,126.0
2020-09-08 12:36:00,36.7775,36.7775,36.775000000000006,36.775000000000006,91.0
2020-09-08 12:37:00,36.77,36.77,36.77,36.77,56.0
2020-09-08 12:38:00,36.73,36.73,36.705,36.705,163.0
2020-09-08 12:39:00,36.71,36.72,36.71,36.72,102.0
2020-09-08 12:40:00,36.71,36.71,36.71,36.71,185.5
2020-09-08 12:41:00,36.735,36.735,36.735,36.735,273.5
2020-09-08 12:42:00,36.74,36.74,36.74,36.74,71.5
2020-09-08 12:43:00,36.72,36.75,36.715,36.75,221.5
2020-09-08 12:44:00,36.73,36.73,36.73,36.73,58.5
2020-09-08 12:45:00,36.75,36.775,36.75,36.754999999999995,451.5
2020-09-08 12:46:00,36.77,36.82,36.77,36.78,844.5
2020-09-08 12:47:00,36.81,36.825,36.81,36.825,213.0
2020-09-08 12:48:00,36.82,36.82,36.82,36.82,51.0
2020-09-08 12:49:00,36.84,36.86,36.84,36.86,180.5
2020-09-08 12:50:00,36.88,36.92,36.88,36.92,200.0
2020-09-08 12:51:00,36.89,36.92,36.88,36.92,501.5
2020-09-08 12:52:00,36.92,36.92,36.92,36.92,155.0
2020-09-08 12:53:00,36.925,36.925,36.915,36.915,327.0
2020-09-08 12:54:00,36.927499999999995,36.927499999999995,36.912499999999994,36.912499999999994,413.0
2020-09-08 12:55:00,36.93,36.93,36.91,36.91,499.0
2020-09-08 12:56:00,36.9,36.92,36.9,36.91,361.0
2020-09-08 12:57:00,36.905,36.905,36.905,36.905,183.5
2020-09-08 12:58:00,36.89,36.89,36.86,36.86,206.5
2020-09-08 12:59:00,36.81,36.82,36.81,36.82,124.0
2020-09-08 13:00:00,36.84,36.86,36.84,36.86,101.5
2020-09-08 13:01:00,36.835,36.845,36.825,36.835,104.0
2020-09-08 13:02:00,36.83,36.83,36.81,36.81,106.5
2020-09-08 13:03:00,36.85,36.85,36.85,36.85,106.0
2020-09-08 13:04:00,36.845,36.845,36.845,36.845,103.0
2020-09-08 13:05:00,36.8425,36.8425,36.8425,36.8425,101.5
2020-09-08 13:06:00,36.84125,36.84125,36.84125,36.84125,100.75
2020-09-08 13:07:00,36.84,36.84,36.84,36.84,100.0
2020-09-08 13:08:00,36.89,36.89,36.89,36.89,100.0
2020-09-08 13:09:00,36.94,36.94,36.94,36.94,100.0
2020-09-08 13:10:00,36.9,36.9,36.89,36.89,345.0
2020-09-08 13:11:00,36.9,36.945,36.9,36.945,306.0
2020-09-08 13:12:00,36.98,36.98,36.97,36.97,177.5
2020-09-08 13:13:00,36.985,36.985,36.980000000000004,36.980000000000004,191.75
2020-09-08 13:14:00,36.9875,36.9875,36.985,36.985,198.875
2020-09-08 13:15:00,36.99,36.99,36.99,36.99,206.0
2020-09-08 13:16:00,36.980000000000004,36.980000000000004,36.980000000000004,36.980000000000004,127.0
2020-09-08 13:17:00,36.97,36.97,36.97,36.97,48.0
2020-09-08 13:18:00,36.995,36.995,36.995,36.995,387.5
2020-09-08 13:19:00,37.05,37.05,37.05,37.05,101.0
2020-09-08 13:20:00,37.04,37.06,37.02,37.06,259.0
2020-09-08 13:21:00,37.06,37.065,37.06,37.06,282.5
2020-09-08 13:22:00,37.02,37.06,37.02,37.06,350.0
2020-09-08 13:23:00,37.1,37.1,37.1,37.1,56.0
2020-09-08 13:24:00,37.05,37.06,37.04,37.06,491.5
2020-09-08 13:25:00,37.082499999999996,37.0925,37.072500000000005,37.09,386.75
2020-09-08 13:26:00,37.114999999999995,37.125,37.105000000000004,37.12,282.0
2020-09-08 13:27:00,37.125,37.125,37.11,37.11,298.5
2020-09-08 13:28:00,37.11,37.11,37.09,37.09,358.0
2020-09-08 13:29:00,37.1,37.1,37.1,37.1,101.5
2020-09-08 13:30:00,37.1,37.1,37.1,37.1,427.0
2020-09-08 13:31:00,37.06,37.06,37.06,37.06,235.5
2020-09-08 13:32:00,37.13,37.13,37.13,37.13,56.0
2020-09-08 13:33:00,37.115,37.115,37.078649999999996,37.078649999999996,202.25
2020-09-08 13:34:00,37.1,37.1,37.0273,37.0273,348.5
2020-09-08 13:35:00,37.06,37.07,37.06,37.07,249.5
2020-09-08 13:36:00,37.06,37.06,37.06,37.06,100.0
2020-09-08 13:37:00,37.095,37.095,37.095,37.095,83.75
2020-09-08 13:38:00,37.13,37.13,37.13,37.13,67.5
2020-09-08 13:39:00,37.120000000000005,37.14,37.120000000000005,37.14,202.25
2020-09-08 13:40:00,37.115,37.144999999999996,37.115,37.144999999999996,269.625
2020-09-08 13:41:00,37.1125,37.147499999999994,37.1125,37.147499999999994,303.3125
2020-09-08 13:42:00,37.11,37.15,37.11,37.15,337.0
2020-09-08 13:43:00,37.1273,37.15,37.1273,37.14,344.5
2020-09-08 13:44:00,37.11865,37.14,37.11865,37.1325,291.5
2020-09-08 13:45:00,37.11,37.13,37.11,37.125,238.5
2020-09-08 13:46:00,37.13,37.13,37.13,37.13,55.5
2020-09-08 13:47:00,37.11,37.11,37.095,37.095,184.5
2020-09-08 13:48:00,37.09,37.09,37.06,37.06,313.5
2020-09-08 13:49:00,37.08,37.08,37.08,37.08,295.5
2020-09-08 13:50:00,37.05,37.05,37.05,37.05,132.0
2020-09-08 13:51:00,37.04,37.06,37.04,37.06,205.5
2020-09-08 13:52:00,37.06,37.085,37.06,37.085,372.0
2020-09-08 13:53:00,37.08,37.11,37.08,37.11,538.5
2020-09-08 13:54:00,37.1,37.11,37.09,37.1,217.0
2020-09-08 13:55:00,37.129999999999995,37.129999999999995,37.129999999999995,37.129999999999995,226.5
2020-09-08 13:56:00,37.11,37.14,37.11,37.14,150.0
2020-09-08 13:57:00,37.120000000000005,37.14,37.114999999999995,37.135000000000005,302.25
2020-09-08 13:58:00,37.13,37.14,37.12,37.13,454.5
2020-09-08 13:59:00,37.14,37.14,37.14,37.14,118.5
2020-09-08 14:00:00,37.15,37.1625,37.15,37.1625,164.25
2020-09-08 14:01:00,37.155,37.17375,37.155,37.17375,187.125
2020-09-08 14:02:00,37.16,37.185,37.16,37.185,210.0
2020-09-08 14:03:00,37.18,37.19,37.18,37.19,326.5
2020-09-08 14:04:00,37.2,37.2,37.2,37.2,100.0
2020-09-08 14:05:00,37.2,37.21,37.19,37.21,280.5
2020-09-08 14:06:00,37.2025,37.2025,37.2,37.2,201.5
2020-09-08 14:07:00,37.22,37.22,37.18,37.18,450.5
2020-09-08 14:08:00,37.2,37.24,37.2,37.24,175.5
2020-09-08 14:09:00,37.215,37.235,37.205,37.225,236.5
2020-09-08 14:10:00,37.23,37.23,37.21,37.21,297.5
2020-09-08 14:11:00,37.22,37.22,37.22,37.22,50.5
2020-09-08 14:12:00,37.195,37.195,37.195,37.195,94.0
2020-09-08 14:13:00,37.182500000000005,37.182500000000005,37.182500000000005,37.182500000000005,115.75
2020-09-08 14:14:00,37.17,37.17,37.17,37.17,137.5
2020-09-08 14:15:00,37.12,37.12,37.12,37.12,56.5
2020-09-08 14:16:00,37.09,37.11,37.09,37.11,128.5
2020-09-08 14:17:00,37.12,37.12,37.12,37.12,99.0
2020-09-08 14:18:00,37.07,37.07,37.07,37.07,472.0
2020-09-08 14:19:00,37.05,37.05,37.03,37.03,498.5
2020-09-08 14:20:00,37.02,37.06,37.02,37.06,443.5
2020-09-08 14:21:00,37.04,37.05,37.04,37.05,105.5
2020-09-08 14:22:00,37.045,37.07,37.045,37.07,286.0
2020-09-08 14:23:00,37.04,37.04,37.04,37.04,215.0
2020-09-08 14:24:00,37.025,37.025,36.989999999999995,37.01,479.5
2020-09-08 14:25:00,37.01,37.01,36.94,36.98,744.0
2020-09-08 14:26:00,36.99,36.99,36.99,36.99,126.0
2020-09-08 14:27:00,36.97,36.97,36.97,36.97,50.0
2020-09-08 14:28:00,36.97,36.97,36.97,36.97,75.0
2020-09-08 14:29:00,36.97,36.97,36.97,36.97,87.5
2020-09-08 14:30:00,36.97,36.97,36.97,36.97,100.0
2020-09-08 14:31:00,36.97,37.0,36.97,37.0,140.0
2020-09-08 14:32:00,36.92,36.93,36.92,36.92,281.5
2020-09-08 14:33:00,36.9,36.9,36.9,36.9,139.5
2020-09-08 14:34:00,36.8675,36.8775,36.8675,36.8775,118.0
2020-09-08 14:35:00,36.87,36.87,36.87,36.87,378.0
2020-09-08 14:36:00,36.864999999999995,36.864999999999995,36.85,36.85,231.5
2020-09-08 14:37:00,36.825,36.825,36.825,36.825,132.5
2020-09-08 14:38:00,36.81,36.81,36.79,36.79,187.5
2020-09-08 14:39:00,36.795,36.815,36.795,36.815,505.0
2020-09-08 14:40:00,36.82,36.82,36.77,36.77,551.0
2020-09-08 14:41:00,36.775000000000006,36.775000000000006,36.775000000000006,36.775000000000006,103.5
2020-09-08 14:42:00,36.795,36.795,36.77,36.77,161.5
2020-09-08 14:43:00,36.77,36.77,36.77,36.77,216.0
2020-09-08 14:44:00,36.74250000000001,36.74250000000001,36.7375,36.74250000000001,352.5
2020-09-08 14:45:00,36.715,36.715,36.705,36.715,489.0
2020-09-08 14:46:00,36.71,36.73,36.71,36.73,346.5
2020-09-08 14:47:00,36.71,36.71,36.71,36.71,20.0
2020-09-08 14:48:00,36.72,36.745,36.7,36.72,392.5
2020-09-08 14:49:00,36.769999999999996,36.7725,36.769999999999996,36.7725,233.5
2020-09-08 14:50:00,36.79,36.81,36.79,36.81,199.5
2020-09-08 14:51:00,36.735,36.735,36.725,36.730000000000004,310.0
2020-09-08 14:52:00,36.75,36.75,36.71,36.71,344.5
2020-09-08 14:53:00,36.695,36.695,36.675,36.675,211.75
2020-09-08 14:54:00,36.667500000000004,36.667500000000004,36.6575,36.6575,145.375
2020-09-08 14:55:00,36.64,36.64,36.64,36.64,79.0
2020-09-08 14:56:00,36.629999999999995,36.655,36.629999999999995,36.655,309.25
2020-09-08 14:57:00,36.625,36.6625,36.625,36.6625,424.375
2020-09-08 14:58:00,36.62,36.67,36.62,36.67,539.5
2020-09-08 14:59:00,36.71,36.77,36.71,36.77,195.5
2020-09-08 15:00:00,36.74125,36.760000000000005,36.74125,36.75,322.5
2020-09-08 15:01:00,36.78,36.81,36.71,36.71,582.0
2020-09-08 15:02:00,36.705,36.705,36.6908,36.6908,160.0
2020-09-08 15:03:00,36.625,36.644999999999996,36.620000000000005,36.625,448.0
2020-09-08 15:04:00,36.6,36.63,36.59,36.63,200.0
2020-09-08 15:05:00,36.56,36.56,36.540000000000006,36.540000000000006,382.0
2020-09-08 15:06:00,36.525,36.55,36.5175,36.55,810.0
2020-09-08 15:07:00,36.54,36.54,36.54,36.54,302.0
2020-09-08 15:08:00,36.53,36.53,36.53,36.53,100.5
2020-09-08 15:09:00,36.58,36.58,36.58,36.58,65.5
2020-09-08 15:10:00,36.54,36.6,36.54,36.6,149.5
2020-09-08 15:11:00,36.705,36.705,36.705,36.705,271.0
2020-09-08 15:12:00,36.7275,36.7325,36.71,36.72,441.0
2020-09-08 15:13:00,36.725,36.725,36.71,36.71,187.0
2020-09-08 15:14:00,36.6725,36.68,36.67,36.68,310.5
2020-09-08 15:15:00,36.68,36.68,36.675,36.675,233.0
2020-09-08 15:16:00,36.66,36.69,36.65,36.682500000000005,628.0
2020-09-08 15:17:00,36.68,36.7,36.64,36.7,764.5
2020-09-08 15:18:00,36.682500000000005,36.6925,36.6625,36.6925,408.25
2020-09-08 15:19:00,36.685,36.685,36.685,36.685,52.0
2020-09-08 15:20:00,36.73,36.75,36.72,36.75,307.5
2020-09-08 15:21:00,36.75,36.75,36.75,36.75,179.5
2020-09-08 15:22:00,36.78,36.795,36.78,36.795,303.5
2020-09-08 15:23:00,36.82,36.83,36.8,36.8,628.0
2020-09-08 15:24:00,36.78,36.78,36.77,36.77,100.0
2020-09-08 15:25:00,36.7525,36.7525,36.707499999999996,36.7225,385.5
2020-09-08 15:26:00,36.72,36.72,36.69,36.7,352.0
2020-09-08 15:27:00,36.66,36.66,36.66,36.66,63.0
2020-09-08 15:28:00,36.7,36.74,36.7,36.74,467.5
2020-09-08 15:29:00,36.75,36.75,36.75,36.75,51.5
2020-09-08 15:30:00,36.75,36.77,36.75,36.77,237.5
2020-09-08 15:31:00,36.755,36.79,36.73,36.78,972.0
2020-09-08 15:32:00,36.765,36.7723,36.755,36.755,539.5
2020-09-08 15:33:00,36.739999999999995,36.739999999999995,36.705,36.705,504.5
2020-09-08 15:34:00,36.695,36.695,36.66,36.66,354.5
2020-09-08 15:35:00,36.605000000000004,36.605000000000004,36.6,36.6,153.0
2020-09-08 15:36:00,36.6,36.61,36.6,36.6,404.0
2020-09-08 15:37:00,36.64,36.675,36.64,36.675,175.0
2020-09-08 15:38:00,36.65,36.65,36.625,36.65,350.0
2020-09-08 15:39:00,36.66,36.66,36.66,36.66,115.0
2020-09-08 15:40:00,36.66,36.66,36.645,36.645,277.5
2020-09-08 15:41:00,36.66,36.69,36.66,36.66,320.0
2020-09-08 15:42:00,36.65,36.68,36.65,36.675,761.0
2020-09-08 15:43:00,36.685,36.69,36.685,36.69,428.0
2020-09-08 15:44:00,36.68,36.71,36.68,36.71,373.5
2020-09-08 15:45:00,36.715,36.72,36.7,36.705,502.0
2020-09-08 15:46:00,36.73,36.73,36.67,36.68,979.0
2020-09-08 15:47:00,36.620000000000005,36.620000000000005,36.614999999999995,36.614999999999995,217.5
2020-09-08 15:48:00,36.59,36.6025,36.54,36.54,543.5
2020-09-08 15:49:00,36.53,36.61,36.52,36.57,604.5
2020-09-08 15:50:00,36.540000000000006,36.6,36.540000000000006,36.595,1003.5
2020-09-08 15:51:00,36.59,36.595,36.5,36.5,1109.0
2020-09-08 15:52:00,36.485,36.495,36.462500000000006,36.462500000000006,1242.0
2020-09-08 15:53:00,36.474999999999994,36.48,36.455,36.47,1062.5
2020-09-08 15:54:00,36.47,36.48,36.45,36.459999999999994,993.5
2020-09-08 15:55:00,36.442499999999995,36.4925,36.442499999999995,36.457499999999996,1228.0
2020-09-08 15:56:00,36.47,36.47,36.425,36.4375,804.0
2020-09-08 15:57:00,36.442499999999995,36.445,36.394999999999996,36.394999999999996,1366.0
2020-09-08 15:58:00,36.41,36.415,36.379999999999995,36.3825,2419.0
2020-09-08 15:59:00,36.405,36.42,36.3625,36.3825,2488.5
2020-09-17 09:31:00,35.27,35.28,35.26,35.26,3403.0
2020-09-17 09:32:00,35.31,35.315,35.305,35.305,1739.0
2020-09-17 09:33:00,35.33,35.332499999999996,35.3275,35.3275,907.0
2020-09-17 09:34:00,35.34,35.34125,35.338750000000005,35.338750000000005,491.0
2020-09-17 09:35:00,35.345,35.345625,35.344375,35.344375,283.0
2020-09-17 09:36:00,35.35,35.35,35.35,35.35,75.0
2020-09-17 09:37:00,35.33,35.33,35.17,35.17,550.5
2020-09-17 09:38:00,35.29,35.325,35.21,35.245000000000005,618.75
2020-09-17 09:39:00,35.269999999999996,35.322500000000005,35.230000000000004,35.2825,652.875
2020-09-17 09:40:00,35.26,35.321250000000006,35.24,35.301249999999996,669.9375
2020-09-17 09:41:00,35.254999999999995,35.32062500000001,35.245000000000005,35.310625,678.46875
2020-09-17 09:42:00,35.2525,35.3203125,35.2475,35.315312500000005,682.734375
2020-09-17 09:43:00,35.25,35.32,35.25,35.32,687.0
2020-09-17 09:44:00,35.175,35.1775,35.15,35.17005,785.0
2020-09-17 09:45:00,35.2025,35.215,35.2025,35.2125,317.0
2020-09-17 09:46:00,35.275,35.275,35.275,35.275,107.0
2020-09-17 09:47:00,35.32,35.45,35.32,35.45,348.0
2020-09-17 09:48:00,35.43,35.49,35.43,35.49,225.5
2020-09-17 09:49:00,35.495,35.495,35.495,35.495,53.5
2020-09-17 09:50:00,35.4975,35.5175,35.4975,35.5175,262.5
2020-09-17 09:51:00,35.5,35.55,35.5,35.54,402.0
2020-09-17 09:52:00,35.57875,35.61625,35.57875,35.61125,385.75
2020-09-17 09:53:00,35.618125,35.649375000000006,35.618125,35.646875,377.625
2020-09-17 09:54:00,35.637812499999995,35.665937500000005,35.637812499999995,35.6646875,373.5625
2020-09-17 09:55:00,35.6575,35.682500000000005,35.6575,35.682500000000005,369.5
2020-09-17 09:56:00,35.7125,35.72,35.68,35.70125,414.5
2020-09-17 09:57:00,35.745,35.745,35.745,35.745,71.0
2020-09-17 09:58:00,35.76,35.76,35.76,35.76,151.0
2020-09-17 09:59:00,35.76,35.76,35.76,35.76,140.5
2020-09-17 10:00:00,35.85,35.855000000000004,35.840050000000005,35.840050000000005,230.5
2020-09-17 10:01:00,35.94,35.94,35.94,35.94,198.5
2020-09-17 10:02:00,35.93,35.94,35.93,35.94,100.5
2020-09-17 10:03:00,35.93,35.93,35.93,35.93,100.0
2020-09-17 10:04:00,35.85,35.98,35.85,35.96,303.5
2020-09-17 10:05:00,35.96,36.04,35.96,36.04,107.5
2020-09-17 10:06:00,36.04,36.045,36.03,36.045,697.0
2020-09-17 10:07:00,36.06,36.06,36.06,36.06,289.5
2020-09-17 10:08:00,36.02,36.02,36.02,36.02,100.0
2020-09-17 10:09:00,36.06,36.06,36.02,36.03,371.5
2020-09-17 10:10:00,36.09,36.16,36.09,36.16,303.0
2020-09-17 10:11:00,36.08,36.14,36.08,36.14,538.0
2020-09-17 10:12:00,36.2,36.2,36.18,36.18,131.5
2020-09-17 10:13:00,36.195,36.195,36.195,36.195,78.0
2020-09-17 10:14:00,36.2,36.2,36.19,36.2,760.5
2020-09-17 10:15:00,36.18,36.18,36.18,36.18,119.5
2020-09-17 10:16:00,36.16,36.16,36.16,36.16,99.0
2020-09-17 10:17:00,36.177499999999995,36.177499999999995,36.177499999999995,36.177499999999995,137.75
2020-09-17 10:18:00,36.195,36.195,36.195,36.195,176.5
2020-09-17 10:19:00,36.2225,36.2225,36.2225,36.2225,95.75
2020-09-17 10:20:00,36.25,36.25,36.25,36.25,15.0
2020-09-17 10:21:00,36.26,36.35,36.25,36.35,392.5
2020-09-17 10:22:00,36.370000000000005,36.41,36.370000000000005,36.41,294.0
2020-09-17 10:23:00,36.4,36.504999999999995,36.39505,36.504999999999995,1807.5
2020-09-17 10:24:00,36.47125,36.47125,36.4375,36.4375,639.0
2020-09-17 10:25:00,36.44,36.49,36.405,36.405,298.0
2020-09-17 10:26:00,36.37,36.37,36.37,36.37,52.0
2020-09-17 10:27:00,36.29,36.35,36.29,36.35,247.5
2020-09-17 10:28:00,36.370000000000005,36.42,36.370000000000005,36.42,176.75
2020-09-17 10:29:00,36.45,36.49,36.45,36.49,106.0
2020-09-17 10:30:00,36.475,36.504999999999995,36.475,36.504999999999995,107.0
2020-09-17 10:31:00,36.5125,36.5175,36.4925,36.4975,895.0
2020-09-17 10:32:00,36.5,36.5,36.485,36.485,270.5
2020-09-17 10:33:00,36.425,36.5,36.425,36.5,200.0
2020-09-17 10:34:00,36.425,36.5,36.425,36.5,533.5
2020-09-17 10:35:00,36.545,36.545,36.545,36.545,111.0
2020-09-17 10:36:00,36.61,36.61,36.59,36.6,240.5
2020-09-17 10:37:00,36.66,36.66,36.66,36.66,65.5
2020-09-17 10:38:00,36.6,36.6,36.6,36.6,101.0
2020-09-17 10:39:00,36.64,36.65,36.64,36.64,415.5
2020-09-17 10:40:00,36.6575,36.6575,36.6525,36.6525,194.5
2020-09-17 10:41:00,36.65,36.65,36.625,36.625,460.0
2020-09-17 10:42:00,36.635,36.67,36.6225,36.6475,441.0
2020-09-17 10:43:00,36.62,36.69,36.62,36.67,422.0
2020-09-17 10:44:00,36.71,36.71,36.71,36.71,5.0
2020-09-17 10:45:00,36.629999999999995,36.629999999999995,36.629999999999995,36.629999999999995,123.0
2020-09-17 10:46:00,36.625,36.73,36.625,36.685,315.0
2020-09-17 10:47:00,36.7225,36.7225,36.7225,36.7225,114.5
2020-09-17 10:48:00,36.71,36.71,36.7,36.7,146.5
2020-09-17 10:49:00,36.675,36.675,36.675,36.675,248.5
2020-09-17 10:50:00,36.73,36.78,36.73,36.78,200.0
2020-09-17 10:51:00,36.73,36.83,36.72,36.78,1601.0
2020-09-17 10:52:00,36.83,36.85,36.81,36.83,880.0
2020-09-17 10:53:00,36.87,36.87,36.86,36.86,479.0
2020-09-17 10:54:00,36.84,36.84,36.84,36.84,93.0
2020-09-17 10:55:00,36.837500000000006,36.837500000000006,36.837500000000006,36.837500000000006,97.0
2020-09-17 10:56:00,36.83625000000001,36.83625000000001,36.83625000000001,36.83625000000001,99.0
2020-09-17 10:57:00,36.83562500000001,36.83562500000001,36.83562500000001,36.83562500000001,100.0
2020-09-17 10:58:00,36.835,36.835,36.835,36.835,101.0
2020-09-17 10:59:00,36.82,36.84,36.82,36.84,295.0
2020-09-17 11:00:00,36.85,36.87,36.82,36.83,2283.5
2020-09-17 11:01:00,36.923,36.923,36.87,36.87,684.0
2020-09-17 11:02:00,36.908,36.95,36.908,36.95,221.5
2020-09-17 11:03:00,37.0,37.0,36.985,37.0,12821.5
2020-09-17 11:04:00,36.96,37.0,36.96,37.0,924.0
2020-09-17 11:05:00,37.02,37.02,37.02,37.02,69.5
2020-09-17 11:06:00,37.03,37.045,37.03,37.045,96.5
2020-09-17 11:07:00,37.04,37.07,37.04,37.07,123.5
2020-09-17 11:08:00,37.05,37.05,37.0,37.0,726.0
2020-09-17 11:09:00,37.0,37.0,37.0,37.0,675.5
2020-09-17 11:10:00,37.03,37.05,37.02,37.02,238.5
2020-09-17 11:11:00,37.065,37.075,37.06,37.06,121.75
2020-09-17 11:12:00,37.1,37.1,37.1,37.1,5.0
2020-09-17 11:13:00,37.06,37.06,37.06,37.06,103.0
2020-09-17 11:14:00,37.07,37.085,37.06,37.067499999999995,959.5
2020-09-17 11:15:00,37.065,37.075,37.065,37.075,165.0
2020-09-17 11:16:00,37.1,37.1,37.1,37.1,113.0
2020-09-17 11:17:00,37.055,37.082499999999996,37.055,37.082499999999996,182.0
2020-09-17 11:18:00,37.075,37.095,37.06,37.065,913.0
2020-09-17 11:19:00,37.07,37.085,37.07,37.085,236.5
2020-09-17 11:20:00,37.08,37.08,37.08,37.08,180.5
2020-09-17 11:21:00,37.144999999999996,37.146249999999995,37.1425,37.146249999999995,31811.5
2020-09-17 11:22:00,37.21,37.2125,37.205,37.2125,63442.5
2020-09-17 11:23:00,37.2,37.27,37.18,37.265,11822.5
2020-09-17 11:24:00,37.24,37.28,37.24,37.27,3110.5
2020-09-17 11:25:00,37.287499999999994,37.2975,37.2675,37.2675,358.0
2020-09-17 11:26:00,37.2675,37.2975,37.2375,37.2425,28511.5
2020-09-17 11:27:00,37.2,37.285,37.15,37.285,38709.5
2020-09-17 11:28:00,37.285,37.285,37.275,37.275,186.5
2020-09-17 11:29:00,37.24,37.27,37.22,37.2525,305.5
2020-09-17 11:30:00,37.29,37.29,37.28,37.28,487.0
2020-09-17 11:31:00,37.27,37.29,37.22,37.26,1719.5
2020-09-17 11:32:00,37.185,37.185,37.17,37.17,748.5
2020-09-17 11:33:00,37.105000000000004,37.105000000000004,37.025,37.0275,2146.5
2020-09-17 11:34:00,37.05,37.05,37.0,37.0,1278.5
2020-09-17 11:35:00,37.035,37.075,37.035,37.075,341.5
2020-09-17 11:36:00,37.06,37.17,37.06,37.17,1340.0
2020-09-17 11:37:00,37.26,37.26,37.18,37.18,355.0
2020-09-17 11:38:00,37.21,37.21,37.21,37.21,190.5
2020-09-17 11:39:00,37.2,37.2,37.17,37.17,228.5
2020-09-17 11:40:00,37.11,37.11,37.11,37.11,111.0
2020-09-17 11:41:00,37.22,37.22,37.22,37.22,141.5
2020-09-17 11:42:00,37.18,37.18,37.16,37.16,279.5
2020-09-17 11:43:00,37.14,37.14,37.1,37.1,417.5
2020-09-17 11:44:00,37.1125,37.1125,37.0925,37.0925,326.0
2020-09-17 11:45:00,37.085,37.085,37.085,37.085,234.5
2020-09-17 11:46:00,37.06,37.06,37.03,37.06,429.0
2020-09-17 11:47:00,37.07,37.07,37.07,37.07,237.0
2020-09-17 11:48:00,37.04,37.04,37.04,37.04,283.0
2020-09-17 11:49:00,37.082499999999996,37.0925,37.082499999999996,37.0925,651.5
2020-09-17 11:50:00,37.145,37.145,37.145,37.145,100.0
2020-09-17 11:51:00,37.145,37.145,37.145,37.145,136.5
2020-09-17 11:52:00,37.1625,37.1625,37.16,37.16,258.0
2020-09-17 11:53:00,37.19125,37.19125,37.19,37.19,190.25
2020-09-17 11:54:00,37.22,37.22,37.22,37.22,122.5
2020-09-17 11:55:00,37.23,37.26,37.225,37.26,182.0
2020-09-17 11:56:00,37.239999999999995,37.3,37.230000000000004,37.3,241.5
2020-09-17 11:57:00,37.23,37.35,37.21,37.33,1016.5
2020-09-17 11:58:00,37.3,37.31,37.29,37.31,376.0
2020-09-17 11:59:00,37.3,37.305,37.295,37.305,264.75
2020-09-17 12:00:00,37.3,37.3,37.3,37.3,153.5
2020-09-17 12:01:00,37.31,37.35,37.31,37.34,497.5
2020-09-17 12:02:00,37.35,37.37,37.35,37.37,316.0
2020-09-17 12:03:00,37.36,37.36,37.25,37.25,2780.5
2020-09-17 12:04:00,37.287499999999994,37.305,37.287499999999994,37.305,316.5
2020-09-17 12:05:00,37.32,37.345,37.32,37.345,359.5
2020-09-17 12:06:00,37.34,37.36,37.34,37.36,161.5
2020-09-17 12:07:00,37.32,37.33,37.32,37.33,105.0
2020-09-17 12:08:00,37.31,37.315,37.31,37.315,152.5
2020-09-17 12:09:00,37.3,37.3,37.3,37.3,88.0
2020-09-17 12:10:00,37.32,37.33,37.315,37.325,289.0
2020-09-17 12:11:00,37.34,37.36,37.33,37.35,490.0
2020-09-17 12:12:00,37.355,37.355,37.355,37.355,67.0
2020-09-17 12:13:00,37.338449999999995,37.338449999999995,37.338449999999995,37.338449999999995,84.25
2020-09-17 12:14:00,37.3219,37.3219,37.3219,37.3219,101.5
2020-09-17 12:15:00,37.19,37.19,37.19,37.19,5.0
2020-09-17 12:16:00,37.16,37.16,37.16,37.16,138.5
2020-09-17 12:17:00,37.129999999999995,37.129999999999995,37.129999999999995,37.129999999999995,272.0
2020-09-17 12:18:00,37.13,37.14,37.0396,37.0396,1362.5
2020-09-17 12:19:00,37.0103,37.0103,37.0103,37.0103,200.0
2020-09-17 12:20:00,37.015,37.08,37.015,37.08,650.5
2020-09-17 12:21:00,37.05,37.06,37.05,37.06,402.0
2020-09-17 12:22:00,37.07,37.075,37.07,37.075,229.5
2020-09-17 12:23:00,37.09,37.09,37.09,37.09,57.0
2020-09-17 12:24:00,37.04,37.04,37.04,37.04,102.5
2020-09-17 12:25:00,37.08,37.085,37.067499999999995,37.082499999999996,515.5
2020-09-17 12:26:00,37.120000000000005,37.15,37.1175,37.15,678.0
2020-09-17 12:27:00,37.15,37.16,37.13,37.16,329.0
2020-09-17 12:28:00,37.25,37.25,37.24,37.24,227.5
2020-09-17 12:29:00,37.26,37.26,37.26,37.26,187.0
2020-09-17 12:30:00,37.145,37.145,37.145,37.145,266.0
2020-09-17 12:31:00,37.2,37.2,37.14,37.155,1614.5
2020-09-17 12:32:00,37.1,37.1,37.1,37.1,134.0
2020-09-17 12:33:00,37.1411,37.1411,37.1,37.13,457.5
2020-09-17 12:34:00,37.11555,37.11555,37.0925,37.1075,390.75
2020-09-17 12:35:00,37.09,37.09,37.084999999999994,37.084999999999994,324.0
2020-09-17 12:36:00,37.08,37.08,37.0775,37.0775,262.25
2020-09-17 12:37:00,37.075,37.075,37.073750000000004,37.073750000000004,231.375
2020-09-17 12:38:00,37.07,37.07,37.07,37.07,200.5
2020-09-17 12:39:00,37.13,37.13,37.13,37.13,153.0
2020-09-17 12:40:00,37.15,37.15,37.15,37.15,108.5
2020-09-17 12:41:00,37.1425,37.1425,37.1425,37.1425,158.0
2020-09-17 12:42:00,37.135,37.135,37.135,37.135,146.0
2020-09-17 12:43:00,37.135,37.135,37.135,37.135,149.0
2020-09-17 12:44:00,37.1225,37.13,37.1225,37.13,312.0
2020-09-17 12:45:00,37.13,37.13,37.13,37.13,98.0
2020-09-17 12:46:00,37.1,37.12,37.1,37.12,105.0
2020-09-17 12:47:00,37.08,37.08,37.08,37.08,129.5
2020-09-17 12:48:00,37.0975,37.0975,37.0975,37.0975,170.5
2020-09-17 12:49:00,37.1225,37.125,37.1225,37.125,185.5
2020-09-17 12:50:00,37.145,37.19,37.145,37.18,502.0
2020-09-17 12:51:00,37.165,37.165,37.165,37.165,250.0
2020-09-17 12:52:00,37.165,37.19,37.165,37.19,1116.5
2020-09-17 12:53:00,37.19,37.19,37.19,37.19,179.0
2020-09-17 12:54:00,37.18,37.2,37.1675,37.1675,1136.0
2020-09-17 12:55:00,37.16,37.2,37.14,37.14,2081.0
2020-09-17 12:56:00,37.09,37.09,37.09,37.09,429.0
2020-09-17 12:57:00,37.13,37.14,37.13,37.14,121.0
2020-09-17 12:58:00,37.135000000000005,37.14,37.13,37.135000000000005,277.25
2020-09-17 12:59:00,37.14,37.14,37.13,37.13,433.5
2020-09-17 13:00:00,37.09,37.09,37.09,37.09,104.0
2020-09-17 13:01:00,37.09,37.09,37.09,37.09,54.5
2020-09-17 13:02:00,37.09,37.09,37.09,37.09,10.0
2020-09-17 13:03:00,37.1,37.1,37.1,37.1,309.5
2020-09-17 13:04:00,37.1,37.1,37.1,37.1,61.5
2020-09-17 13:05:00,37.0725,37.0725,37.0725,37.0725,67.5
2020-09-17 13:06:00,37.09,37.11,37.09,37.1,286.0
2020-09-17 13:07:00,37.11,37.120000000000005,37.095,37.1,252.0
2020-09-17 13:08:00,37.13,37.13,37.1,37.1,218.0
2020-09-17 13:09:00,37.1,37.1,37.08,37.1,479.0
2020-09-17 13:10:00,37.095,37.1075,37.085,37.1,315.5
2020-09-17 13:11:00,37.09,37.115,37.09,37.1,152.0
2020-09-17 13:12:00,37.11,37.1225,37.11,37.115,210.5
2020-09-17 13:13:00,37.120000000000005,37.12625,37.120000000000005,37.1225,239.75
2020-09-17 13:14:00,37.125,37.128125,37.125,37.12625,254.375
2020-09-17 13:15:00,37.13,37.13,37.13,37.13,269.0
2020-09-17 13:16:00,37.1225,37.135000000000005,37.1075,37.12625,1013.0
2020-09-17 13:17:00,37.115,37.15,37.115,37.15,1581.0
2020-09-17 13:18:00,37.2,37.2,37.1514,37.16,565.0
2020-09-17 13:19:00,37.15,37.165,37.15,37.165,100.0
2020-09-17 13:20:00,37.18,37.207499999999996,37.175,37.185,725.0
2020-09-17 13:21:00,37.19,37.25,37.19,37.19,7378.5
2020-09-17 13:22:00,37.26,37.26,37.26,37.26,114.5
2020-09-17 13:23:00,37.245,37.245,37.245,37.245,107.25
2020-09-17 13:24:00,37.2375,37.2375,37.2375,37.2375,103.625
2020-09-17 13:25:00,37.23,37.23,37.23,37.23,100.0
2020-09-17 13:26:00,37.23,37.23,37.22,37.22,205.5
2020-09-17 13:27:00,37.225,37.225,37.195,37.195,617.5
2020-09-17 13:28:00,37.18,37.18,37.165,37.165,358.75
2020-09-17 13:29:00,37.135,37.135,37.135,37.135,100.0
2020-09-17 13:30:00,37.135,37.135,37.12,37.13,214.0
2020-09-17 13:31:00,37.055,37.055,37.04,37.05,260.5
2020-09-17 13:32:00,37.06,37.06,37.06,37.06,358.0
2020-09-17 13:33:00,37.045,37.05,37.045,37.05,200.0
2020-09-17 13:34:00,37.055,37.065,37.055,37.065,476.0
2020-09-17 13:35:00,37.072500000000005,37.11,37.072500000000005,37.11,225.5
2020-09-17 13:36:00,37.0975,37.14,37.0975,37.12,788.5
2020-09-17 13:37:00,37.12,37.12,37.11,37.11,161.0
2020-09-17 13:38:00,37.11,37.11,37.075,37.075,288.0
2020-09-17 13:39:00,37.115,37.120000000000005,37.115,37.120000000000005,706.5
2020-09-17 13:40:00,37.12,37.14,37.11,37.14,694.0
2020-09-17 13:41:00,37.14,37.15,37.14,37.15,257.5
2020-09-17 13:42:00,37.13,37.19,37.13,37.19,278.5
2020-09-17 13:43:00,37.2,37.24,37.2,37.24,121.5
2020-09-17 13:44:00,37.215,37.235,37.215,37.235,99.5
2020-09-17 13:45:00,37.23,37.23,37.23,37.23,77.5
2020-09-17 13:46:00,37.22,37.22,37.22,37.22,53.0
2020-09-17 13:47:00,37.21,37.21,37.21,37.21,101.0
2020-09-17 13:48:00,37.175,37.175,37.175,37.175,207.5
2020-09-17 13:49:00,37.17,37.19,37.17,37.19,250.0
2020-09-17 13:50:00,37.22,37.22,37.22,37.22,320.5
2020-09-17 13:51:00,37.21,37.21,37.19,37.19,216.0
2020-09-17 13:52:00,37.2,37.2,37.2,37.2,150.5
2020-09-17 13:53:00,37.222500000000004,37.222500000000004,37.222500000000004,37.222500000000004,136.5
2020-09-17 13:54:00,37.23375,37.23375,37.23375,37.23375,129.5
2020-09-17 13:55:00,37.245000000000005,37.245000000000005,37.245000000000005,37.245000000000005,122.5
2020-09-17 13:56:00,37.25,37.25,37.25,37.25,184.5
2020-09-17 13:57:00,37.255,37.255,37.255,37.255,58.0
2020-09-17 13:58:00,37.2625,37.2625,37.2625,37.2625,151.25
2020-09-17 13:59:00,37.26625,37.26625,37.26625,37.26625,197.875
2020-09-17 14:00:00,37.27,37.27,37.27,37.27,244.5
2020-09-17 14:01:00,37.3125,37.3125,37.3025,37.3025,466.0
2020-09-17 14:02:00,37.295,37.295,37.295,37.295,214.5
2020-09-17 14:03:00,37.36,37.36,37.35,37.35,267.0
2020-09-17 14:04:00,37.42,37.42,37.415000000000006,37.415000000000006,307.5
2020-09-17 14:05:00,37.45,37.45,37.447500000000005,37.447500000000005,327.75
2020-09-17 14:06:00,37.480000000000004,37.480000000000004,37.480000000000004,37.480000000000004,348.0
2020-09-17 14:07:00,37.5,37.5,37.5,37.5,415.0
2020-09-17 14:08:00,37.519999999999996,37.519999999999996,37.519999999999996,37.519999999999996,102.0
2020-09-17 14:09:00,37.510000000000005,37.510000000000005,37.5,37.5,414.5
2020-09-17 14:10:00,37.5,37.5,37.49,37.49,120.0
2020-09-17 14:11:00,37.485,37.485,37.485,37.485,176.5
2020-09-17 14:12:00,37.49,37.5,37.47,37.49,832.0
2020-09-17 14:13:00,37.49,37.495000000000005,37.480000000000004,37.49,467.0
2020-09-17 14:14:00,37.49,37.49,37.49,37.49,102.0
2020-09-17 14:15:00,37.489999999999995,37.4975,37.489999999999995,37.495000000000005,260.0
2020-09-17 14:16:00,37.4825,37.5,37.475,37.5,390.0
2020-09-17 14:17:00,37.49125,37.5,37.4875,37.5,295.0
2020-09-17 14:18:00,37.5,37.5,37.5,37.5,200.0
2020-09-17 14:19:00,37.5,37.525,37.49,37.525,1167.0
2020-09-17 14:20:00,37.53,37.53,37.53,37.53,112.5
2020-09-17 14:21:00,37.55,37.555,37.5475,37.552499999999995,610.0
2020-09-17 14:22:00,37.57,37.57,37.51,37.51,534.5
2020-09-17 14:23:00,37.51,37.51,37.495,37.5,318.0
2020-09-17 14:24:00,37.51,37.51,37.495,37.5,302.0
2020-09-17 14:25:00,37.475,37.475,37.475,37.475,135.0
2020-09-17 14:26:00,37.457499999999996,37.457499999999996,37.445,37.445,291.0
2020-09-17 14:27:00,37.43,37.44,37.43,37.43,560.0
2020-09-17 14:28:00,37.412499999999994,37.412499999999994,37.412499999999994,37.412499999999994,319.5
2020-09-17 14:29:00,37.425,37.425,37.4,37.41,660.5
2020-09-17 14:30:00,37.41,37.46,37.41,37.46,362.5
2020-09-17 14:31:00,37.4525,37.4525,37.4525,37.4525,229.0
2020-09-17 14:32:00,37.455,37.46,37.455,37.46,304.5
2020-09-17 14:33:00,37.45,37.54,37.45,37.52,873.0
2020-09-17 14:34:00,37.525,37.525,37.515,37.515,383.5
2020-09-17 14:35:00,37.525,37.525,37.52,37.52,151.5
2020-09-17 14:36:00,37.52,37.52,37.52,37.52,237.5
2020-09-17 14:37:00,37.505,37.535,37.495,37.535,512.0
2020-09-17 14:38:00,37.5,37.5,37.5,37.5,100.0
2020-09-17 14:39:00,37.54,37.542500000000004,37.519999999999996,37.519999999999996,698.0
2020-09-17 14:40:00,37.53,37.54,37.53,37.54,116.5
2020-09-17 14:41:00,37.525,37.55,37.5225,37.55,649.5
2020-09-17 14:42:00,37.59,37.59,37.58,37.58,189.5
2020-09-17 14:43:00,37.620000000000005,37.625,37.615,37.620000000000005,248.5
2020-09-17 14:44:00,37.63,37.66,37.63,37.66,1024.0
2020-09-17 14:45:00,37.7,37.7,37.7,37.7,164.0
2020-09-17 14:46:00,37.665,37.665,37.665,37.665,125.0
2020-09-17 14:47:00,37.65,37.665,37.65,37.665,251.0
2020-09-17 14:48:00,37.7125,37.730000000000004,37.7125,37.730000000000004,476.5
2020-09-17 14:49:00,37.715,37.735,37.71,37.7275,488.0
2020-09-17 14:50:00,37.7475,37.75375,37.715,37.715,748.5
2020-09-17 14:51:00,37.74,37.7525,37.725,37.725,597.0
2020-09-17 14:52:00,37.71,37.77,37.71,37.77,1045.0
2020-09-17 14:53:00,37.765,37.8,37.75,37.8,1034.5
2020-09-17 14:54:00,37.81,37.82,37.81,37.82,150.0
2020-09-17 14:55:00,37.822500000000005,37.822500000000005,37.8125,37.817499999999995,685.0
2020-09-17 14:56:00,37.81,37.835,37.81,37.8174,382.0
2020-09-17 14:57:00,37.805,37.82,37.785,37.8,383.0
2020-09-17 14:58:00,37.785,37.815,37.785,37.805,1149.0
2020-09-17 14:59:00,37.82,37.82,37.805,37.81,356.5
2020-09-17 15:00:00,37.81,37.81,37.79,37.81,679.5
2020-09-17 15:01:00,37.805,37.81,37.795,37.805,593.5
2020-09-17 15:02:00,37.795,37.8,37.79,37.79,726.5
2020-09-17 15:03:00,37.74,37.74,37.74,37.74,102.0
2020-09-17 15:04:00,37.7175,37.7175,37.7,37.7,250.5
2020-09-17 15:05:00,37.66,37.66,37.655,37.66,1365.5
2020-09-17 15:06:00,37.66,37.675,37.65,37.675,1891.0
2020-09-17 15:07:00,37.66,37.69,37.66,37.69,253.0
2020-09-17 15:08:00,37.68,37.75,37.68,37.735,310.0
2020-09-17 15:09:00,37.68,37.735,37.68,37.735,727.0
2020-09-17 15:10:00,37.76,37.76,37.76,37.76,100.0
2020-09-17 15:11:00,37.73,37.76,37.725,37.725,511.0
2020-09-17 15:12:00,37.74,37.765,37.74,37.765,481.0
2020-09-17 15:13:00,37.79,37.8,37.79,37.8,642.0
2020-09-17 15:14:00,37.79,37.81,37.78,37.81,409.0
2020-09-17 15:15:00,37.79,37.81,37.78,37.81,806.0
2020-09-17 15:16:00,37.8,37.8,37.79,37.79,361.0
2020-09-17 15:17:00,37.76,37.81,37.76,37.81,389.5
2020-09-17 15:18:00,37.754999999999995,37.78,37.75,37.775000000000006,800.25
2020-09-17 15:19:00,37.7525,37.765,37.745000000000005,37.75750000000001,1005.625
2020-09-17 15:20:00,37.75,37.75,37.74,37.74,1211.0
2020-09-17 15:21:00,37.73,37.76,37.73,37.74,418.0
2020-09-17 15:22:00,37.745,37.745,37.745,37.745,193.5
2020-09-17 15:23:00,37.7525,37.765,37.739999999999995,37.754999999999995,2057.5
2020-09-17 15:24:00,37.760000000000005,37.765,37.739999999999995,37.739999999999995,540.5
2020-09-17 15:25:00,37.75,37.78,37.74,37.745,1740.5
2020-09-17 15:26:00,37.75,37.75,37.72,37.74,1335.5
2020-09-17 15:27:00,37.74,37.75,37.72,37.72,563.5
2020-09-17 15:28:00,37.71,37.71,37.675,37.675,321.0
2020-09-17 15:29:00,37.68,37.68,37.6425,37.6425,454.0
2020-09-17 15:30:00,37.695,37.730000000000004,37.695,37.730000000000004,713.5
2020-09-17 15:31:00,37.7375,37.7725,37.730000000000004,37.765,2055.0
2020-09-17 15:32:00,37.83,37.8375,37.8225,37.8375,520.0
2020-09-17 15:33:00,37.837500000000006,37.8675,37.837500000000006,37.8575,606.0
2020-09-17 15:34:00,37.86,37.86,37.83,37.835,452.0
2020-09-17 15:35:00,37.85,37.91,37.85,37.89,712.5
2020-09-17 15:36:00,37.93,37.93,37.93,37.93,310.0
2020-09-17 15:37:00,37.94,37.955,37.93,37.935,637.5
2020-09-17 15:38:00,37.9175,37.9175,37.912499999999994,37.912499999999994,458.5
2020-09-17 15:39:00,37.9375,38.0,37.935,37.995,2875.5
2020-09-17 15:40:00,37.965,38.02,37.965,38.02,648.0
2020-09-17 15:41:00,38.03,38.07,38.03,38.07,207.5
2020-09-17 15:42:00,38.01,38.01,37.989999999999995,38.004999999999995,913.5
2020-09-17 15:43:00,37.989999999999995,37.9925,37.9825,37.9825,1014.5
2020-09-17 15:44:00,37.9775,38.0075,37.95,37.9675,1025.5
2020-09-17 15:45:00,37.9625,37.974999999999994,37.942499999999995,37.9525,1800.5
2020-09-17 15:46:00,37.900000000000006,37.900000000000006,37.865,37.865,1224.0
2020-09-17 15:47:00,37.89,37.89,37.86,37.865,1121.5
2020-09-17 15:48:00,37.85,37.9,37.85,37.88,2798.5
2020-09-17 15:49:00,37.9,37.95,37.9,37.95,931.0
2020-09-17 15:50:00,37.96,37.99495,37.955,37.980000000000004,702.0
2020-09-17 15:51:00,37.97,38.0,37.959999999999994,37.989999999999995,1797.5
2020-09-17 15:52:00,37.97,37.97,37.945,37.965,1205.0
2020-09-17 15:53:00,37.975,37.980000000000004,37.955,37.975,2158.0
2020-09-17 15:54:00,37.9725,38.0025,37.97,38.0025,4599.5
2020-09-17 15:55:00,38.004999999999995,38.03,38.004999999999995,38.03,3156.0
2020-09-17 15:56:00,38.03,38.03,37.97,37.985,3223.5
2020-09-17 15:57:00,37.99,37.995000000000005,37.94,37.955,3958.0
2020-09-17 15:58:00,37.94,37.97,37.932500000000005,37.97,880.5
2020-09-17 15:59:00,37.955,37.965,37.9125,37.935,3861.5
2020-09-18 09:31:00,38.67,38.82,38.11,38.51,87487.5
2020-09-18 09:32:00,38.38,38.38,38.38,38.38,1.0
2020-09-18 09:33:00,38.337500000000006,38.337500000000006,38.337500000000006,38.337500000000006,40.0
2020-09-18 09:34:00,38.316250000000004,38.316250000000004,38.316250000000004,38.316250000000004,59.5
2020-09-18 09:35:00,38.295,38.295,38.295,38.295,79.0
2020-09-18 09:36:00,38.15,38.15,38.15,38.15,172.5
2020-09-18 09:37:00,38.075,38.075,38.075,38.075,230.25
2020-09-18 09:38:00,38.0375,38.0375,38.0375,38.0375,259.125
2020-09-18 09:39:00,38.0,38.0,38.0,38.0,288.0
2020-09-18 09:40:00,38.025,38.0275,37.935,37.935,14408.0
2020-09-18 09:41:00,38.0,38.005,37.785,37.785,1144.5
2020-09-18 09:42:00,37.8,37.85,37.8,37.85,617.0
2020-09-18 09:43:00,37.9,37.93,37.9,37.92,276.5
2020-09-18 09:44:00,37.86,37.86,37.86,37.86,181.0
2020-09-18 09:45:00,37.75,37.75,37.75,37.75,1.0
2020-09-18 09:46:00,37.74,37.74,37.71,37.71,225.5
2020-09-18 09:47:00,37.78,37.78,37.78,37.78,1.0
2020-09-18 09:48:00,37.78,37.9,37.72,37.9,990.5
2020-09-18 09:49:00,37.769999999999996,37.83,37.739999999999995,37.83,545.25
2020-09-18 09:50:00,37.765,37.795,37.75,37.795,322.625
2020-09-18 09:51:00,37.76,37.76,37.76,37.76,100.0
2020-09-18 09:52:00,37.65,37.76,37.65,37.76,100.5
2020-09-18 09:53:00,37.82,37.86,37.75,37.75,408.5
2020-09-18 09:54:00,37.8,37.83,37.8,37.8,317.0
2020-09-18 09:55:00,37.81,37.91,37.76,37.85,1032.5
2020-09-18 09:56:00,37.79,37.8,37.74,37.8,282.0
2020-09-18 09:57:00,37.765,37.769999999999996,37.727500000000006,37.7575,261.75
2020-09-18 09:58:00,37.74,37.74,37.715,37.715,241.5
2020-09-18 09:59:00,37.63,37.63,37.61750000000001,37.61750000000001,136.75
2020-09-18 10:00:00,37.52,37.52,37.52,37.52,32.0
2020-09-18 10:01:00,37.52,37.58,37.52,37.58,199.0
2020-09-18 10:02:00,37.565,37.605000000000004,37.565,37.5875,168.5
2020-09-18 10:03:00,37.677499999999995,37.7475,37.677499999999995,37.7175,1873.0
2020-09-18 10:04:00,37.665,37.8499,37.665,37.8,14070.0
2020-09-18 10:05:00,37.7475,37.83995,37.7475,37.815,7085.0
2020-09-18 10:06:00,37.83,37.83,37.83,37.83,100.0
2020-09-18 10:07:00,37.894999999999996,37.93,37.879999999999995,37.879999999999995,760.0
2020-09-18 10:08:00,37.9,38.04,37.89,38.04,529.0
2020-09-18 10:09:00,38.06,38.06,38.05,38.05,288.0
2020-09-18 10:10:00,38.0825,38.0825,38.0825,38.0825,226.5
2020-09-18 10:11:00,38.085,38.085,38.085,38.085,166.0
2020-09-18 10:12:00,38.08625,38.08625,38.08625,38.08625,135.75
2020-09-18 10:13:00,38.0875,38.0875,38.0875,38.0875,105.5
2020-09-18 10:14:00,38.095,38.25,38.095,38.25,679.5
2020-09-18 10:15:00,38.33,38.335,38.33,38.335,169.0
2020-09-18 10:16:00,38.379999999999995,38.41,38.379999999999995,38.41,401.5
2020-09-18 10:17:00,38.43,38.43,38.38,38.38,360.0
2020-09-18 10:18:00,38.364999999999995,38.364999999999995,38.295,38.295,351.75
2020-09-18 10:19:00,38.3,38.3,38.21,38.21,343.5
2020-09-18 10:20:00,38.3,38.3425,38.290000000000006,38.3425,369.0
2020-09-18 10:21:00,38.345,38.345,38.345,38.345,200.0
2020-09-18 10:22:00,38.364999999999995,38.3925,38.364999999999995,38.3925,200.5
2020-09-18 10:23:00,38.39,38.5,38.39,38.5,807.0
2020-09-18 10:24:00,38.47,38.49,38.47,38.49,101.5
2020-09-18 10:25:00,38.47,38.47,38.47,38.47,10.0
2020-09-18 10:26:00,38.5075,38.5275,38.5075,38.5075,596.0
2020-09-18 10:27:00,38.51,38.525,38.51,38.525,178.5
2020-09-18 10:28:00,38.49,38.525,38.49,38.52,150.0
2020-09-18 10:29:00,38.5775,38.5775,38.5775,38.5775,153.0
2020-09-18 10:30:00,38.58,38.64,38.58,38.59,12140.0
2020-09-18 10:31:00,38.54,38.54,38.51,38.51,413.0
2020-09-18 10:32:00,38.535,38.565,38.519999999999996,38.519999999999996,528.5
2020-09-18 10:33:00,38.53,38.59,38.53,38.53,644.0
2020-09-18 10:34:00,38.535,38.595,38.535,38.565,487.0
2020-09-18 10:35:00,38.54,38.6,38.54,38.6,330.0
2020-09-18 10:36:00,38.56,38.58,38.56,38.58,150.0
2020-09-18 10:37:00,38.6525,38.6575,38.6525,38.6575,301.5
2020-09-18 10:38:00,38.677499999999995,38.7225,38.677499999999995,38.7225,307.5
2020-09-18 10:39:00,38.6975,38.6975,38.6975,38.6975,77.5
2020-09-18 10:40:00,38.69,38.7025,38.69,38.7025,109.5
2020-09-18 10:41:00,38.68,38.68,38.67,38.67,292.5
2020-09-18 10:42:00,38.68,38.79,38.68,38.79,621.0
2020-09-18 10:43:00,38.81,38.81,38.81,38.81,51.5
2020-09-18 10:44:00,38.83,38.87,38.83,38.87,168.5
2020-09-18 10:45:00,38.84,38.84,38.81,38.815,378.5
2020-09-18 10:46:00,38.80500000000001,38.80500000000001,38.790000000000006,38.792500000000004,215.0
2020-09-18 10:47:00,38.77,38.77,38.77,38.77,51.5
2020-09-18 10:48:00,38.765,38.765,38.765,38.765,100.0
2020-09-18 10:49:00,38.807500000000005,38.852500000000006,38.8025,38.852500000000006,667.0
2020-09-18 10:50:00,38.83,38.86,38.825,38.825,553.5
2020-09-18 10:51:00,38.8,38.815,38.7675,38.7675,546.0
2020-09-18 10:52:00,38.785,38.792500000000004,38.738749999999996,38.738749999999996,542.25
2020-09-18 10:53:00,38.7775,38.78125,38.724374999999995,38.724374999999995,540.375
2020-09-18 10:54:00,38.77,38.77,38.71,38.71,538.5
2020-09-18 10:55:00,38.7425,38.7425,38.730000000000004,38.730000000000004,206.0
2020-09-18 10:56:00,38.745,38.745,38.71,38.72,456.0
2020-09-18 10:57:00,38.71,38.71,38.65,38.65,413.5
2020-09-18 10:58:00,38.69,38.71,38.6,38.6,1103.5
2020-09-18 10:59:00,38.6,38.6,38.6,38.6,50.0
2020-09-18 11:00:00,38.6,38.625,38.54005,38.5975,577.0
2020-09-18 11:01:00,38.57,38.64,38.57,38.62,892.0
2020-09-18 11:02:00,38.568749999999994,38.60375,38.55875,38.583749999999995,560.75
2020-09-18 11:03:00,38.567499999999995,38.567499999999995,38.5475,38.5475,229.5
2020-09-18 11:04:00,38.5775,38.585,38.557500000000005,38.585,1051.0
2020-09-18 11:05:00,38.625,38.65,38.625,38.64,1022.5
2020-09-18 11:06:00,38.63,38.69,38.63,38.64,611.0
2020-09-18 11:07:00,38.644999999999996,38.68,38.644999999999996,38.655,410.75
2020-09-18 11:08:00,38.652499999999996,38.675,38.652499999999996,38.6625,310.625
2020-09-18 11:09:00,38.66,38.67,38.66,38.67,210.5
2020-09-18 11:10:00,38.64,38.64,38.64,38.64,62.0
2020-09-18 11:11:00,38.59,38.59,38.59,38.59,183.0
2020-09-18 11:12:00,38.535,38.535,38.535,38.535,1.0
2020-09-18 11:13:00,38.56,38.56,38.55,38.55,100.5
2020-09-18 11:14:00,38.5,38.5,38.5,38.5,100.0
2020-09-18 11:15:00,38.515,38.515,38.515,38.515,100.0
2020-09-18 11:16:00,38.53,38.55,38.53,38.55,785.0
2020-09-18 11:17:00,38.585,38.585,38.53,38.54,401.0
2020-09-18 11:18:00,38.5,38.5,38.5,38.5,241.5
2020-09-18 11:19:00,38.455,38.455,38.455,38.455,151.0
2020-09-18 11:20:00,38.4535,38.4535,38.4535,38.4535,155.0
2020-09-18 11:21:00,38.4555,38.4555,38.4555,38.4555,219.5
2020-09-18 11:22:00,38.45,38.48,38.45,38.48,312.5
2020-09-18 11:23:00,38.49,38.51,38.42,38.44,703.5
2020-09-18 11:24:00,38.445,38.459999999999994,38.400000000000006,38.419200000000004,732.0
2020-09-18 11:25:00,38.4225,38.434999999999995,38.39,38.4088,746.25
2020-09-18 11:26:00,38.4,38.41,38.38,38.3984,760.5
2020-09-18 11:27:00,38.39,38.41,38.37,38.38,862.0
2020-09-18 11:28:00,38.34,38.34,38.3073,38.31,695.0
2020-09-18 11:29:00,38.26,38.26,38.26,38.26,100.0
2020-09-18 11:30:00,38.26,38.29,38.26,38.29,320.5
2020-09-18 11:31:00,38.25,38.29,38.25,38.29,111.0
2020-09-18 11:32:00,38.28,38.28,38.28,38.28,238.0
2020-09-18 11:33:00,38.205,38.205,38.175,38.175,285.75
2020-09-18 11:34:00,38.167500000000004,38.167500000000004,38.1225,38.1225,309.625
2020-09-18 11:35:00,38.13,38.13,38.07,38.07,333.5
2020-09-18 11:36:00,38.04,38.065,38.04,38.065,574.0
2020-09-18 11:37:00,38.05,38.06,38.03,38.03,288.5
2020-09-18 11:38:00,38.0,38.0,38.0,38.0,14.0
2020-09-18 11:39:00,37.9775,37.9775,37.9775,37.9775,320.5
2020-09-18 11:40:00,37.975,38.02,37.975,38.02,781.5
2020-09-18 11:41:00,38.03,38.05,38.03,38.05,165.0
2020-09-18 11:42:00,38.03,38.04,38.03,38.04,241.5
2020-09-18 11:43:00,38.04,38.04,38.04,38.04,100.0
2020-09-18 11:44:00,38.04,38.05,38.04,38.05,227.5
2020-09-18 11:45:00,38.06,38.065,38.05,38.065,878.5
2020-09-18 11:46:00,38.05,38.14,38.05,38.14,604.0
2020-09-18 11:47:00,38.19,38.2,38.19,38.2,105.5
2020-09-18 11:48:00,38.175,38.18,38.175,38.18,78.25
2020-09-18 11:49:00,38.16,38.16,38.16,38.16,51.0
2020-09-18 11:50:00,38.2,38.21,38.2,38.21,246.5
2020-09-18 11:51:00,38.19,38.19,38.19,38.19,100.0
2020-09-18 11:52:00,38.21,38.21,38.18,38.18,258.0
2020-09-18 11:53:00,38.18,38.18,38.18,38.18,95.0
2020-09-18 11:54:00,38.129999999999995,38.129999999999995,38.129999999999995,38.129999999999995,129.0
2020-09-18 11:55:00,38.08,38.08,38.08,38.08,163.0
2020-09-18 11:56:00,38.04,38.06,38.04,38.06,422.5
2020-09-18 11:57:00,38.06,38.08,38.06,38.06,531.5
2020-09-18 11:58:00,38.06,38.06,38.06,38.06,133.5
2020-09-18 11:59:00,38.04,38.04,38.04,38.04,51.0
2020-09-18 12:00:00,38.04,38.04,38.02,38.02,443.0
2020-09-18 12:01:00,37.94,37.94,37.94,37.94,150.0
2020-09-18 12:02:00,37.9475,37.95,37.9475,37.95,126.75
2020-09-18 12:03:00,37.955,37.96,37.955,37.96,103.5
2020-09-18 12:04:00,37.95,37.959999999999994,37.945,37.959999999999994,910.0
2020-09-18 12:05:00,37.9425,37.9425,37.9375,37.9375,604.0
2020-09-18 12:06:00,37.935,37.935,37.9125,37.9125,467.5
2020-09-18 12:07:00,37.94,37.94,37.92,37.92,308.0
2020-09-18 12:08:00,37.91,37.925,37.91,37.91,276.5
2020-09-18 12:09:00,37.9,37.9075,37.879999999999995,37.879999999999995,313.5
2020-09-18 12:10:00,37.89,37.89,37.85,37.85,350.5
2020-09-18 12:11:00,37.86,37.86,37.845,37.845,346.0
2020-09-18 12:12:00,37.825,37.825,37.817499999999995,37.817499999999995,223.0
2020-09-18 12:13:00,37.79,37.79,37.79,37.79,100.0
2020-09-18 12:14:00,37.79,37.82,37.77,37.82,1052.0
2020-09-18 12:15:00,37.78,37.795,37.760000000000005,37.785,665.25
2020-09-18 12:16:00,37.775000000000006,37.7825,37.755,37.7675,471.875
2020-09-18 12:17:00,37.77,37.77,37.75,37.75,278.5
2020-09-18 12:18:00,37.7525,37.775,37.7525,37.775,1176.0
2020-09-18 12:19:00,37.775,37.775,37.74,37.74,532.5
2020-09-18 12:20:00,37.69,37.69,37.69,37.69,116.0
2020-09-18 12:21:00,37.68,37.68,37.68,37.68,50.0
2020-09-18 12:22:00,37.675,37.675,37.675,37.675,51.5
2020-09-18 12:23:00,37.667500000000004,37.667500000000004,37.665,37.665,230.0
2020-09-18 12:24:00,37.645,37.65,37.645,37.65,294.5
2020-09-18 12:25:00,37.605,37.605,37.605,37.605,100.0
2020-09-18 12:26:00,37.64,37.65,37.620000000000005,37.629999999999995,847.5
2020-09-18 12:27:00,37.625,37.65,37.620000000000005,37.65,1792.0
2020-09-18 12:28:00,37.65,37.65,37.629999999999995,37.65,1060.0
2020-09-18 12:29:00,37.64,37.66,37.64,37.66,370.0
2020-09-18 12:30:00,37.6525,37.6525,37.6525,37.6525,152.0
2020-09-18 12:31:00,37.67,37.67,37.645,37.645,268.0
2020-09-18 12:32:00,37.6425,37.6425,37.62,37.62,317.0
2020-09-18 12:33:00,37.618750000000006,37.63,37.615,37.615,619.0
2020-09-18 12:34:00,37.65,37.66,37.65,37.66,752.5
2020-09-18 12:35:00,37.66,37.66,37.66,37.66,50.0
2020-09-18 12:36:00,37.68,37.68,37.68,37.68,81.5
2020-09-18 12:37:00,37.67,37.68,37.67,37.68,342.0
2020-09-18 12:38:00,37.65,37.67,37.65,37.67,280.5
2020-09-18 12:39:00,37.69,37.69,37.69,37.69,100.0
2020-09-18 12:40:00,37.69,37.69,37.67,37.67,137.0
2020-09-18 12:41:00,37.69,37.7,37.69,37.7,252.5
2020-09-18 12:42:00,37.68875,37.697500000000005,37.68375,37.6925,347.75
2020-09-18 12:43:00,37.6875,37.695,37.6775,37.685,443.0
2020-09-18 12:44:00,37.69,37.7,37.685,37.69,1605.0
2020-09-18 12:45:00,37.724999999999994,37.724999999999994,37.724999999999994,37.724999999999994,100.0
2020-09-18 12:46:00,37.71,37.77,37.7,37.77,908.5
2020-09-18 12:47:00,37.730000000000004,37.77,37.725,37.760000000000005,629.5
2020-09-18 12:48:00,37.75,37.77,37.75,37.75,350.5
2020-09-18 12:49:00,37.769999999999996,37.805,37.754999999999995,37.79,1406.0
2020-09-18 12:50:00,37.81,37.81,37.75,37.75,618.5
2020-09-18 12:51:00,37.7625,37.7725,37.7475,37.7725,698.5
2020-09-18 12:52:00,37.760000000000005,37.775000000000006,37.760000000000005,37.77,428.5
2020-09-18 12:53:00,37.77,37.77,37.77,37.77,107.0
2020-09-18 12:54:00,37.72,37.72,37.65,37.66,377.0
2020-09-18 12:55:00,37.68,37.69,37.644999999999996,37.66,503.75
2020-09-18 12:56:00,37.64,37.66,37.64,37.66,630.5
2020-09-18 12:57:00,37.6575,37.6675,37.6575,37.6675,319.25
2020-09-18 12:58:00,37.675,37.675,37.675,37.675,8.0
2020-09-18 12:59:00,37.67,37.67,37.66,37.66,216.5
2020-09-18 13:00:00,37.7,37.7,37.682500000000005,37.685,67.5
2020-09-18 13:01:00,37.7,37.71,37.68,37.68,781.5
2020-09-18 13:02:00,37.7,37.71,37.7,37.71,224.0
2020-09-18 13:03:00,37.72,37.755,37.71,37.73,1343.0
2020-09-18 13:04:00,37.78,37.78,37.78,37.78,277.5
2020-09-18 13:05:00,37.79,37.79,37.79,37.79,115.5
2020-09-18 13:06:00,37.79,37.79,37.785,37.785,114.0
2020-09-18 13:07:00,37.79,37.79,37.78,37.78,112.5
2020-09-18 13:08:00,37.79,37.79,37.785,37.785,105.25
2020-09-18 13:09:00,37.79,37.79,37.79,37.79,98.0
2020-09-18 13:10:00,37.805,37.805,37.79,37.79,251.0
2020-09-18 13:11:00,37.77,37.77,37.74,37.74,200.0
2020-09-18 13:12:00,37.77,37.78,37.74,37.76,1168.5
2020-09-18 13:13:00,37.77,37.78,37.765,37.78,805.5
2020-09-18 13:14:00,37.7775,37.792500000000004,37.7775,37.792500000000004,392.0
2020-09-18 13:15:00,37.795,37.815,37.795,37.815,1290.5
2020-09-18 13:16:00,37.8,37.8,37.78,37.78,813.0
2020-09-18 13:17:00,37.8,37.8,37.8,37.8,50.5
2020-09-18 13:18:00,37.79,37.79,37.78,37.78,150.5
2020-09-18 13:19:00,37.8,37.8,37.8,37.8,54.0
2020-09-18 13:20:00,37.807500000000005,37.807500000000005,37.807500000000005,37.807500000000005,102.0
2020-09-18 13:21:00,37.795,37.8,37.785,37.785,821.5
2020-09-18 13:22:00,37.78,37.78,37.755,37.755,134.0
2020-09-18 13:23:00,37.761250000000004,37.761250000000004,37.761250000000004,37.761250000000004,114.5
2020-09-18 13:24:00,37.765625,37.775625000000005,37.765625,37.775625000000005,524.75
2020-09-18 13:25:00,37.77,37.79,37.77,37.79,935.0
2020-09-18 13:26:00,37.78,37.78,37.75,37.75,177.5
2020-09-18 13:27:00,37.75,37.75,37.75,37.75,174.5
2020-09-18 13:28:00,37.75,37.75,37.75,37.75,305.5
2020-09-18 13:29:00,37.69,37.69,37.6825,37.6825,433.5
2020-09-18 13:30:00,37.629999999999995,37.629999999999995,37.614999999999995,37.614999999999995,561.5
2020-09-18 13:31:00,37.555,37.555,37.485,37.485,439.5
2020-09-18 13:32:00,37.54,37.545,37.525,37.53,1140.0
2020-09-18 13:33:00,37.49,37.61,37.49,37.55,9383.0
2020-09-18 13:34:00,37.61,37.61,37.59,37.59,391.5
2020-09-18 13:35:00,37.595,37.595,37.595,37.595,4454.5
2020-09-18 13:36:00,37.48,37.48,37.48,37.48,100.0
2020-09-18 13:37:00,37.54,37.54,37.46,37.46,496.5
2020-09-18 13:38:00,37.47,37.47,37.47,37.47,84.0
2020-09-18 13:39:00,37.455,37.48,37.455,37.465,531.5
2020-09-18 13:40:00,37.49,37.5203,37.49,37.5203,403.5
2020-09-18 13:41:00,37.54,37.54,37.54,37.54,200.5
2020-09-18 13:42:00,37.55,37.55,37.55,37.55,113.0
2020-09-18 13:43:00,37.565,37.57,37.56,37.57,331.0
2020-09-18 13:44:00,37.59,37.59,37.59,37.59,198.5
2020-09-18 13:45:00,37.585,37.585,37.585,37.585,115.0
2020-09-18 13:46:00,37.59,37.64,37.59,37.64,167.5
2020-09-18 13:47:00,37.615,37.6525,37.615,37.6525,251.5
2020-09-18 13:48:00,37.64,37.665,37.64,37.665,335.5
2020-09-18 13:49:00,37.65,37.665,37.65,37.665,469.0
2020-09-18 13:50:00,37.68,37.68,37.64,37.64,653.5
2020-09-18 13:51:00,37.6175,37.6175,37.6175,37.6175,118.0
2020-09-18 13:52:00,37.61875,37.61875,37.61875,37.61875,109.5
2020-09-18 13:53:00,37.62,37.62,37.62,37.62,101.0
2020-09-18 13:54:00,37.61,37.61,37.61,37.61,150.5
2020-09-18 13:55:00,37.61,37.63,37.61,37.63,241.0
2020-09-18 13:56:00,37.64,37.64,37.63,37.63,430.0
2020-09-18 13:57:00,37.61,37.61,37.61,37.61,71.0
2020-09-18 13:58:00,37.625,37.625,37.625,37.625,109.0
2020-09-18 13:59:00,37.64,37.64,37.64,37.64,147.0
2020-09-18 14:00:00,37.635000000000005,37.635000000000005,37.629999999999995,37.629999999999995,189.5
2020-09-18 14:01:00,37.63,37.63,37.62,37.62,232.0
2020-09-18 14:02:00,37.597049999999996,37.61,37.585,37.61,1406.0
2020-09-18 14:03:00,37.62,37.63,37.6,37.63,547.5
2020-09-18 14:04:00,37.65,37.655,37.625,37.650000000000006,439.0
2020-09-18 14:05:00,37.68,37.68,37.65,37.67,330.5
2020-09-18 14:06:00,37.705,37.705,37.69,37.7,282.5
2020-09-18 14:07:00,37.7175,37.7175,37.709999999999994,37.715,258.5
2020-09-18 14:08:00,37.723749999999995,37.723749999999995,37.72,37.7225,246.5
2020-09-18 14:09:00,37.72687499999999,37.72687499999999,37.724999999999994,37.72624999999999,240.5
2020-09-18 14:10:00,37.7284375,37.7284375,37.72749999999999,37.72812499999999,237.5
2020-09-18 14:11:00,37.73,37.73,37.73,37.73,234.5
2020-09-18 14:12:00,37.7,37.7,37.7,37.7,178.0
2020-09-18 14:13:00,37.72,37.72,37.7,37.7,877.5
2020-09-18 14:14:00,37.73,37.73,37.73,37.73,100.0
2020-09-18 14:15:00,37.724999999999994,37.724999999999994,37.724999999999994,37.724999999999994,137.0
2020-09-18 14:16:00,37.7175,37.7175,37.71,37.71,302.5
2020-09-18 14:17:00,37.71,37.72,37.68,37.69,830.0
2020-09-18 14:18:00,37.65,37.65,37.65,37.65,224.0
2020-09-18 14:19:00,37.6425,37.64812499999999,37.64,37.6425,397.75
2020-09-18 14:20:00,37.635,37.646249999999995,37.629999999999995,37.635,571.5
2020-09-18 14:21:00,37.65,37.65,37.65,37.65,675.5
2020-09-18 14:22:00,37.67,37.67,37.67,37.67,212.0
2020-09-18 14:23:00,37.71,37.71,37.71,37.71,88.0
2020-09-18 14:24:00,37.76,37.76,37.76,37.76,150.0
2020-09-18 14:25:00,37.78,37.78,37.76,37.77,410.0
2020-09-18 14:26:00,37.74,37.74,37.74,37.74,87.5
2020-09-18 14:27:00,37.78,37.78,37.78,37.78,218.5
2020-09-18 14:28:00,37.7575,37.7625,37.7525,37.76,586.25
2020-09-18 14:29:00,37.735,37.745000000000005,37.724999999999994,37.739999999999995,954.0
2020-09-18 14:30:00,37.73,37.78,37.73,37.78,636.0
2020-09-18 14:31:00,37.78,37.78,37.78,37.78,154.0
2020-09-18 14:32:00,37.75,37.75,37.75,37.75,148.0
2020-09-18 14:33:00,37.74,37.75,37.73,37.73,234.0
2020-09-18 14:34:00,37.725,37.730000000000004,37.72,37.72,156.0
2020-09-18 14:35:00,37.7175,37.72,37.715,37.715,117.0
2020-09-18 14:36:00,37.71,37.71,37.71,37.71,78.0
2020-09-18 14:37:00,37.7,37.72,37.7,37.72,159.0
2020-09-18 14:38:00,37.74,37.74,37.74,37.74,124.5
2020-09-18 14:39:00,37.73,37.73,37.73,37.73,60.5
2020-09-18 14:40:00,37.71,37.71,37.71,37.71,161.0
2020-09-18 14:41:00,37.713750000000005,37.713750000000005,37.71125000000001,37.71125000000001,231.0
2020-09-18 14:42:00,37.7175,37.7175,37.712500000000006,37.712500000000006,301.0
2020-09-18 14:43:00,37.715,37.715,37.67,37.67,681.0
2020-09-18 14:44:00,37.665,37.6875,37.665,37.6875,303.5
2020-09-18 14:45:00,37.665,37.665,37.665,37.665,66.5
2020-09-18 14:46:00,37.7,37.7,37.7,37.7,357.0
2020-09-18 14:47:00,37.72,37.72,37.71,37.71,406.5
2020-09-18 14:48:00,37.715,37.715,37.69,37.69,156.0
2020-09-18 14:49:00,37.7,37.705,37.7,37.705,151.0
2020-09-18 14:50:00,37.68875,37.69625,37.681250000000006,37.68375,442.25
2020-09-18 14:51:00,37.6775,37.6875,37.6625,37.6625,733.5
2020-09-18 14:52:00,37.6775,37.7,37.6775,37.7,337.5
2020-09-18 14:53:00,37.7,37.71,37.6895,37.71,437.5
2020-09-18 14:54:00,37.72,37.72,37.72,37.72,20.0
2020-09-18 14:55:00,37.705,37.705,37.705,37.705,71.0
2020-09-18 14:56:00,37.69,37.69,37.69,37.69,122.0
2020-09-18 14:57:00,37.73,37.74,37.73,37.74,185.5
2020-09-18 14:58:00,37.71,37.71,37.71,37.71,186.5
2020-09-18 14:59:00,37.715,37.73,37.71,37.71,443.5
2020-09-18 15:00:00,37.75,37.76,37.74,37.76,175.0
2020-09-18 15:01:00,37.795,37.84,37.795,37.835750000000004,12953.0
2020-09-18 15:02:00,37.879999999999995,37.95,37.879999999999995,37.95,1150.5
2020-09-18 15:03:00,37.96,37.985,37.96,37.985,185.0
2020-09-18 15:04:00,37.98,38.0,37.95,37.97,752.0
2020-09-18 15:05:00,37.995,37.995,37.995,37.995,333.5
2020-09-18 15:06:00,38.02,38.02,37.95,37.95,700.5
2020-09-18 15:07:00,37.935,37.935,37.935,37.935,132.5
2020-09-18 15:08:00,37.92,37.92,37.905,37.905,321.0
2020-09-18 15:09:00,37.91,37.91,37.89,37.91,460.5
2020-09-18 15:10:00,37.935,37.935,37.935,37.935,100.0
2020-09-18 15:11:00,37.95,37.97,37.945,37.97,1128.5
2020-09-18 15:12:00,37.96,37.96,37.94,37.94,384.0
2020-09-18 15:13:00,37.935,37.935,37.925,37.925,242.0
2020-09-18 15:14:00,37.91,37.91,37.91,37.91,100.0
2020-09-18 15:15:00,37.905,37.905,37.905,37.905,235.0
2020-09-18 15:16:00,37.9,37.9,37.9,37.9,68.0
2020-09-18 15:17:00,37.92,37.92,37.89,37.89,204.0
2020-09-18 15:18:00,37.92,37.92,37.92,37.92,489.0
2020-09-18 15:19:00,37.911525,37.911525,37.911525,37.911525,337.25
2020-09-18 15:20:00,37.90305,37.90305,37.90305,37.90305,185.5
2020-09-18 15:21:00,37.9,37.9,37.894999999999996,37.9,643.0
2020-09-18 15:22:00,37.9,37.9,37.88,37.885,789.5
2020-09-18 15:23:00,37.8925,37.896249999999995,37.8825,37.88875,597.5
2020-09-18 15:24:00,37.885,37.8925,37.885,37.8925,405.5
2020-09-18 15:25:00,37.91,37.915,37.9075,37.915,1381.5
2020-09-18 15:26:00,37.93,37.95,37.93,37.945,836.0
2020-09-18 15:27:00,37.94,37.95,37.935,37.95,484.5
2020-09-18 15:28:00,37.9775,38.0,37.975,38.0,423.75
2020-09-18 15:29:00,38.015,38.05,38.015,38.05,363.0
2020-09-18 15:30:00,38.0525,38.082499999999996,38.0525,38.082499999999996,977.0
2020-09-18 15:31:00,38.087500000000006,38.105000000000004,38.087500000000006,38.105000000000004,251.0
2020-09-18 15:32:00,38.067499999999995,38.067499999999995,38.0625,38.0625,510.0
2020-09-18 15:33:00,38.03,38.03,38.010000000000005,38.010000000000005,619.5
2020-09-18 15:34:00,38.015,38.019999999999996,38.0,38.019999999999996,1878.5
2020-09-18 15:35:00,38.04,38.07,38.04,38.06,824.0
2020-09-18 15:36:00,38.09,38.12,38.07,38.09,529.0
2020-09-18 15:37:00,38.07,38.085,38.07,38.085,183.0
2020-09-18 15:38:00,38.0975,38.1275,38.07,38.1,1220.5
2020-09-18 15:39:00,38.13,38.13,38.07,38.07,1053.0
2020-09-18 15:40:00,38.120000000000005,38.144999999999996,38.114999999999995,38.144999999999996,514.5
2020-09-18 15:41:00,38.15,38.17,38.12,38.144999999999996,1124.5
2020-09-18 15:42:00,38.150000000000006,38.150000000000006,38.120000000000005,38.13,846.0
2020-09-18 15:43:00,38.1425,38.1425,38.1275,38.1325,363.5
2020-09-18 15:44:00,38.12,38.1275,38.085,38.085,529.0
2020-09-18 15:45:00,38.11,38.1125,38.0775,38.0775,1195.5
2020-09-18 15:46:00,38.05,38.08,38.045,38.06,808.0
2020-09-18 15:47:00,38.0375,38.0525,38.0325,38.0325,3222.5
2020-09-18 15:48:00,38.0,38.0,37.96,37.97,1311.5
2020-09-18 15:49:00,37.980000000000004,37.99,37.975,37.99,1669.5
2020-09-18 15:50:00,37.9925,37.995000000000005,37.9625,37.9725,660.5
2020-09-18 15:51:00,37.97,38.02,37.9525,37.9825,3304.5
2020-09-18 15:52:00,37.927499999999995,37.975,37.925,37.935,3003.0
2020-09-18 15:53:00,37.935,37.935,37.915,37.92,11027.5
2020-09-18 15:54:00,37.945,38.0375,37.945,38.0275,1963.0
2020-09-18 15:55:00,38.075,38.16,38.065,38.1575,742.5
2020-09-18 15:56:00,38.135000000000005,38.2,38.135000000000005,38.155,2575.5
2020-09-18 15:57:00,38.129999999999995,38.129999999999995,38.1,38.1025,1842.5
2020-09-18 15:58:00,38.105000000000004,38.129999999999995,38.095,38.11,1549.0
2020-09-18 15:59:00,38.075,38.1025,38.075,38.075,2456.5
